{
  "results": [
    {
      "command": "C:\\Users\\test\\Documents\\research\\research\\artifacts\\installed\\python\\python.exe C:\\Users\\test\\Documents\\research\\research\\artifacts\\system\\are-we-fast-yet\\benchmarks\\Python\\harness.py Storage 10 15",
      "mean": 0.5600190106666667,
      "stddev": 0.019059953278816478,
      "median": 0.553600084,
      "user": 0.5346875,
      "system": 0.015770833333333335,
      "min": 0.542425884,
      "max": 0.6149173840000001,
      "times": [
        0.5470928840000001,
        0.5647835840000001,
        0.5426972840000001,
        0.6149173840000001,
        0.542425884,
        0.5730035840000001,
        0.543701184,
        0.5723150840000001,
        0.5727231840000001,
        0.5479098840000001,
        0.566869284,
        0.5445373840000001,
        0.553600084,
        0.552927684,
        0.5607807840000001
      ],
      "exit_codes": [
        0,
        0,
        0,
        0,
        0,
        0,
        0,
        0,
        0,
        0,
        0,
        0,
        0,
        0,
        0
      ]
    }
  ]
}
