{
  "results": [
    {
      "command": "C:\\Users\\test\\Documents\\research\\research\\artifacts\\installed\\python\\python.exe C:\\Users\\test\\Documents\\research\\research\\artifacts\\system\\are-we-fast-yet\\benchmarks\\Python\\harness.py Towers 10 15",
      "mean": 0.9722550853333336,
      "stddev": 0.021352002774195206,
      "median": 0.9691675120000001,
      "user": 0.9562499999999997,
      "system": 0.010625,
      "min": 0.9490949120000001,
      "max": 1.0119578120000001,
      "times": [
        0.9546642120000001,
        0.961925412,
        0.971674712,
        0.955798012,
        1.0075745120000001,
        0.949790912,
        0.974807612,
        0.966650612,
        1.0119578120000001,
        0.979929712,
        1.0083815120000001,
        0.9490949120000001,
        0.970555512,
        0.951853312,
        0.9691675120000001
      ],
      "exit_codes": [
        0,
        0,
        0,
        0,
        0,
        0,
        0,
        0,
        0,
        0,
        0,
        0,
        0,
        0,
        0
      ]
    }
  ]
}
