{
  "results": [
    {
      "command": "C:\\Users\\test\\Documents\\research\\research\\artifacts\\installed\\python\\python.exe C:\\Users\\test\\Documents\\research\\research\\artifacts\\system\\are-we-fast-yet\\benchmarks\\Python\\harness.py Permute 10 15",
      "mean": 0.7176947426666668,
      "stddev": 0.013807019224731137,
      "median": 0.7148821160000001,
      "user": 0.692291666666667,
      "system": 0.019354166666666662,
      "min": 0.6976180160000001,
      "max": 0.7501779160000001,
      "times": [
        0.7107572160000001,
        0.718749116,
        0.739574916,
        0.721085916,
        0.7088287160000001,
        0.7307490160000001,
        0.714794416,
        0.720970316,
        0.6976180160000001,
        0.707103216,
        0.713211216,
        0.701668916,
        0.7152501160000001,
        0.7148821160000001,
        0.7501779160000001
      ],
      "exit_codes": [
        0,
        0,
        0,
        0,
        0,
        0,
        0,
        0,
        0,
        0,
        0,
        0,
        0,
        0,
        0
      ]
    }
  ]
}
