{
  "results": [
    {
      "command": "C:\\Users\\test\\Documents\\research\\research\\artifacts\\installed\\python\\python.exe C:\\Users\\test\\Documents\\research\\research\\artifacts\\system\\are-we-fast-yet\\benchmarks\\Python\\harness.py Permute 10 15",
      "mean": 0.7161498660000001,
      "stddev": 0.01790899580521319,
      "median": 0.718767326,
      "user": 0.6984374999999997,
      "system": 0.015187499999999998,
      "min": 0.688411026,
      "max": 0.7649045260000001,
      "times": [
        0.7249547260000001,
        0.7102185260000001,
        0.718767326,
        0.7189496260000001,
        0.696729926,
        0.7247549260000001,
        0.7201872260000001,
        0.7649045260000001,
        0.7201932260000001,
        0.7144761260000001,
        0.7254153260000001,
        0.688411026,
        0.6973055260000001,
        0.6992310260000001,
        0.7177489260000001
      ],
      "exit_codes": [
        0,
        0,
        0,
        0,
        0,
        0,
        0,
        0,
        0,
        0,
        0,
        0,
        0,
        0,
        0
      ]
    }
  ]
}
