{
  "results": [
    {
      "command": "C:\\Users\\test\\Documents\\research\\research\\artifacts\\installed\\python\\python.exe C:\\Users\\test\\Documents\\research\\research\\artifacts\\system\\are-we-fast-yet\\benchmarks\\Python\\harness.py Towers 10 15",
      "mean": 0.9270956373333334,
      "stddev": 0.030126559824842396,
      "median": 0.9192427240000001,
      "user": 0.905625,
      "system": 0.018854166666666665,
      "min": 0.892368524,
      "max": 1.000299924,
      "times": [
        1.000299924,
        0.967466124,
        0.971191824,
        0.907376124,
        0.9177103240000001,
        0.9363699240000001,
        0.904249924,
        0.9192427240000001,
        0.910431324,
        0.929679024,
        0.903136524,
        0.9211790240000001,
        0.892368524,
        0.9206943240000001,
        0.9050389240000001
      ],
      "exit_codes": [
        0,
        0,
        0,
        0,
        0,
        0,
        0,
        0,
        0,
        0,
        0,
        0,
        0,
        0,
        0
      ]
    }
  ]
}
