{
  "results": [
    {
      "command": "C:\\Users\\test\\Documents\\research\\research\\artifacts\\installed\\python\\python.exe C:\\Users\\test\\Documents\\research\\research\\artifacts\\system\\are-we-fast-yet\\benchmarks\\Python\\harness.py Queens 10 15",
      "mean": 0.3730681560000001,
      "stddev": 0.021984016245224294,
      "median": 0.368591376,
      "user": 0.3498958333333334,
      "system": 0.018625000000000003,
      "min": 0.348554376,
      "max": 0.41499347600000003,
      "times": [
        0.35306687600000003,
        0.38691907600000003,
        0.411101276,
        0.387703776,
        0.41499347600000003,
        0.397647776,
        0.37192947600000004,
        0.361436676,
        0.351768976,
        0.352658976,
        0.359396676,
        0.35485877600000004,
        0.368591376,
        0.348554376,
        0.37539477600000004
      ],
      "exit_codes": [
        0,
        0,
        0,
        0,
        0,
        0,
        0,
        0,
        0,
        0,
        0,
        0,
        0,
        0,
        0
      ]
    }
  ]
}
