{
  "results": [
    {
      "command": "C:\\Users\\test\\Documents\\research\\research\\artifacts\\installed\\python\\python.exe C:\\Users\\test\\Documents\\research\\research\\artifacts\\system\\are-we-fast-yet\\benchmarks\\Python\\harness.py List 10 15",
      "mean": 0.2960457526666666,
      "stddev": 0.012939706168990447,
      "median": 0.295269406,
      "user": 0.2711458333333333,
      "system": 0.01541666666666667,
      "min": 0.28040270600000006,
      "max": 0.32846630600000004,
      "times": [
        0.284551906,
        0.296223006,
        0.32846630600000004,
        0.30211750600000004,
        0.295269406,
        0.28249510600000005,
        0.313467906,
        0.28442900600000004,
        0.300095706,
        0.300522406,
        0.285022906,
        0.29303120600000004,
        0.290721406,
        0.28040270600000006,
        0.303869806
      ],
      "exit_codes": [
        0,
        0,
        0,
        0,
        0,
        0,
        0,
        0,
        0,
        0,
        0,
        0,
        0,
        0,
        0
      ]
    }
  ]
}
