{
  "results": [
    {
      "command": "C:\\Users\\test\\Documents\\research\\research\\artifacts\\installed\\python\\python.exe C:\\Users\\test\\Documents\\research\\research\\artifacts\\system\\are-we-fast-yet\\benchmarks\\Python\\harness.py Json 10 15",
      "mean": 3.444150569333333,
      "stddev": 0.17836335691434518,
      "median": 3.387175356,
      "user": 3.4182291666666678,
      "system": 0.011583333333333333,
      "min": 3.2542903560000003,
      "max": 3.8713375560000003,
      "times": [
        3.3173086560000002,
        3.362950456,
        3.536552656,
        3.474149256,
        3.6548109560000004,
        3.2764505560000003,
        3.391540456,
        3.548763156,
        3.2557751560000003,
        3.352599256,
        3.658590856,
        3.8713375560000003,
        3.387175356,
        3.319963856,
        3.2542903560000003
      ],
      "exit_codes": [
        0,
        0,
        0,
        0,
        0,
        0,
        0,
        0,
        0,
        0,
        0,
        0,
        0,
        0,
        0
      ]
    }
  ]
}
