{
  "results": [
    {
      "command": "C:\\Users\\test\\Documents\\research\\research\\artifacts\\installed\\python\\python.exe C:\\Users\\test\\Documents\\research\\research\\artifacts\\system\\are-we-fast-yet\\benchmarks\\Python\\harness.py Sieve 10 15",
      "mean": 0.22190520799999996,
      "stddev": 0.008934084525072664,
      "median": 0.22070776800000003,
      "user": 0.20437499999999995,
      "system": 0.014791666666666667,
      "min": 0.21154656800000002,
      "max": 0.24340646800000001,
      "times": [
        0.21154656800000002,
        0.21604186800000003,
        0.22681586800000003,
        0.21434366800000001,
        0.24340646800000001,
        0.21533326800000002,
        0.21341026800000001,
        0.227040068,
        0.21554786800000003,
        0.22070776800000003,
        0.22648766800000003,
        0.22838986800000002,
        0.22226546800000002,
        0.21414606800000002,
        0.23309536800000002
      ],
      "exit_codes": [
        0,
        0,
        0,
        0,
        0,
        0,
        0,
        0,
        0,
        0,
        0,
        0,
        0,
        0,
        0
      ]
    }
  ]
}
