{
  "results": [
    {
      "command": "C:\\Users\\test\\Documents\\research\\research\\artifacts\\installed\\python\\python.exe C:\\Users\\test\\Documents\\research\\research\\artifacts\\system\\are-we-fast-yet\\benchmarks\\Python\\harness.py List 10 15",
      "mean": 0.30109111200000005,
      "stddev": 0.012163248198393149,
      "median": 0.29816461200000005,
      "user": 0.27968750000000003,
      "system": 0.01564583333333333,
      "min": 0.28402431200000006,
      "max": 0.328515812,
      "times": [
        0.30740941200000005,
        0.28617311200000006,
        0.31714631200000004,
        0.28402431200000006,
        0.292270112,
        0.296059312,
        0.30963941200000006,
        0.28847751200000005,
        0.293520812,
        0.328515812,
        0.30722731200000003,
        0.30732501200000006,
        0.30397111200000004,
        0.29644251200000005,
        0.29816461200000005
      ],
      "exit_codes": [
        0,
        0,
        0,
        0,
        0,
        0,
        0,
        0,
        0,
        0,
        0,
        0,
        0,
        0,
        0
      ]
    }
  ]
}
