{
  "results": [
    {
      "command": "C:\\Users\\test\\Documents\\research\\research\\artifacts\\installed\\python\\python.exe C:\\Users\\test\\Documents\\research\\research\\artifacts\\system\\are-we-fast-yet\\benchmarks\\Python\\harness.py List 10 15",
      "mean": 0.28633031800000003,
      "stddev": 0.006983913677137933,
      "median": 0.286353858,
      "user": 0.26072916666666657,
      "system": 0.018854166666666665,
      "min": 0.276866958,
      "max": 0.299374958,
      "times": [
        0.276866958,
        0.285064258,
        0.277411058,
        0.281149658,
        0.27885665800000004,
        0.289652758,
        0.28601275800000003,
        0.289655858,
        0.277196158,
        0.295658058,
        0.299374958,
        0.29340235800000003,
        0.288544958,
        0.289754458,
        0.286353858
      ],
      "exit_codes": [
        0,
        0,
        0,
        0,
        0,
        0,
        0,
        0,
        0,
        0,
        0,
        0,
        0,
        0,
        0
      ]
    }
  ]
}
