{
  "results": [
    {
      "command": "C:\\Users\\test\\Documents\\research\\research\\artifacts\\installed\\python\\python.exe C:\\Users\\test\\Documents\\research\\research\\artifacts\\system\\are-we-fast-yet\\benchmarks\\Python\\harness.py Towers 10 15",
      "mean": 1.0208734739999998,
      "stddev": 0.08316412904435252,
      "median": 0.991469074,
      "user": 0.9978125000000001,
      "system": 0.016458333333333332,
      "min": 0.969520174,
      "max": 1.2660749740000001,
      "times": [
        1.140313174,
        0.977272174,
        0.9965570739999999,
        0.991469074,
        0.9978173739999999,
        0.995056974,
        0.9842222740000001,
        0.971106374,
        0.981109874,
        0.9940344739999999,
        1.2660749740000001,
        0.984953674,
        0.9701711740000001,
        1.093423274,
        0.969520174
      ],
      "exit_codes": [
        0,
        0,
        0,
        0,
        0,
        0,
        0,
        0,
        0,
        0,
        0,
        0,
        0,
        0,
        0
      ]
    }
  ]
}
