{
  "results": [
    {
      "command": "C:\\Users\\test\\Documents\\research\\research\\artifacts\\installed\\python\\python.exe C:\\Users\\test\\Documents\\research\\research\\artifacts\\system\\are-we-fast-yet\\benchmarks\\Python\\harness.py Permute 10 15",
      "mean": 1.007980986,
      "stddev": 0.31676254355118216,
      "median": 0.792135106,
      "user": 0.960625,
      "system": 0.016583333333333335,
      "min": 0.7485812060000001,
      "max": 1.6247679060000002,
      "times": [
        0.792135106,
        0.873855306,
        0.7604251060000001,
        0.7584962060000001,
        0.760356706,
        0.764999006,
        0.7485812060000001,
        0.752750106,
        0.7914801060000001,
        1.6247679060000002,
        1.236006406,
        1.386399306,
        1.033795706,
        1.4664406060000001,
        1.369226006
      ],
      "exit_codes": [
        0,
        0,
        0,
        0,
        0,
        0,
        0,
        0,
        0,
        0,
        0,
        0,
        0,
        0,
        0
      ]
    }
  ]
}
