{
  "results": [
    {
      "command": "C:\\Users\\test\\Documents\\research\\research\\artifacts\\installed\\python\\python.exe C:\\Users\\test\\Documents\\research\\research\\artifacts\\system\\are-we-fast-yet\\benchmarks\\Python\\harness.py Queens 10 15",
      "mean": 0.3958627233333333,
      "stddev": 0.05096220621421143,
      "median": 0.37700117000000005,
      "user": 0.3717708333333335,
      "system": 0.018395833333333333,
      "min": 0.36230517,
      "max": 0.53566347,
      "times": [
        0.4928234700000001,
        0.36404067,
        0.39904787,
        0.53566347,
        0.41787537,
        0.37796487000000006,
        0.36883977,
        0.36857657000000005,
        0.37452267000000006,
        0.38788657000000004,
        0.36478817,
        0.36531737000000003,
        0.38128767,
        0.36230517,
        0.37700117000000005
      ],
      "exit_codes": [
        0,
        0,
        0,
        0,
        0,
        0,
        0,
        0,
        0,
        0,
        0,
        0,
        0,
        0,
        0
      ]
    }
  ]
}
