{
  "results": [
    {
      "command": "C:\\Users\\test\\Documents\\research\\research\\artifacts\\installed\\python\\python.exe C:\\Users\\test\\Documents\\research\\research\\artifacts\\system\\are-we-fast-yet\\benchmarks\\Python\\harness.py Permute 10 15",
      "mean": 0.8924461066666667,
      "stddev": 0.03150766687385482,
      "median": 0.8823940400000001,
      "user": 0.8668750000000001,
      "system": 0.020979166666666667,
      "min": 0.8683428400000001,
      "max": 0.99926764,
      "times": [
        0.8847062400000001,
        0.8950654400000001,
        0.8895027400000001,
        0.8942557400000001,
        0.8785408400000001,
        0.8734682400000001,
        0.8711161400000001,
        0.8823940400000001,
        0.8809529400000001,
        0.8818070400000001,
        0.8933280400000001,
        0.8683428400000001,
        0.9116551400000001,
        0.99926764,
        0.8822885400000001
      ],
      "exit_codes": [
        0,
        0,
        0,
        0,
        0,
        0,
        0,
        0,
        0,
        0,
        0,
        0,
        0,
        0,
        0
      ]
    }
  ]
}
