{
  "results": [
    {
      "command": "C:\\Users\\test\\Documents\\research\\research\\artifacts\\installed\\python\\python.exe C:\\Users\\test\\Documents\\research\\research\\artifacts\\system\\are-we-fast-yet\\benchmarks\\Python\\harness.py DeltaBlue 10 15",
      "mean": 0.07139072333333334,
      "stddev": 0.0043911382856297995,
      "median": 0.07037343,
      "user": 0.030937500000000007,
      "system": 0.02625,
      "min": 0.06585203,
      "max": 0.08250503000000001,
      "times": [
        0.07702163000000001,
        0.07062223000000001,
        0.07701113000000001,
        0.07231833,
        0.06597973,
        0.06585203,
        0.08250503000000001,
        0.07159683,
        0.06905193000000001,
        0.06944983,
        0.06951773,
        0.07037343,
        0.06960123,
        0.06938293000000001,
        0.07057683000000001
      ],
      "exit_codes": [
        0,
        0,
        0,
        0,
        0,
        0,
        0,
        0,
        0,
        0,
        0,
        0,
        0,
        0,
        0
      ]
    }
  ]
}
