{
  "results": [
    {
      "command": "C:\\Users\\test\\Documents\\research\\research\\artifacts\\installed\\python\\python.exe C:\\Users\\test\\Documents\\research\\research\\artifacts\\system\\are-we-fast-yet\\benchmarks\\Python\\harness.py Permute 10 15",
      "mean": 0.4865647613333334,
      "stddev": 0.012466767084181766,
      "median": 0.48114310800000004,
      "user": 0.4689583333333333,
      "system": 0.0125,
      "min": 0.470696708,
      "max": 0.510738208,
      "times": [
        0.47635560800000004,
        0.510738208,
        0.47493110800000005,
        0.490977808,
        0.48114310800000004,
        0.479657808,
        0.48310820800000004,
        0.494579808,
        0.470696708,
        0.4918737080000001,
        0.481040108,
        0.501987508,
        0.47478440800000005,
        0.47913240800000007,
        0.507464908
      ],
      "exit_codes": [
        0,
        0,
        0,
        0,
        0,
        0,
        0,
        0,
        0,
        0,
        0,
        0,
        0,
        0,
        0
      ]
    }
  ]
}
