{
  "results": [
    {
      "command": "C:\\Users\\test\\Documents\\research\\research\\artifacts\\installed\\python\\python.exe C:\\Users\\test\\Documents\\research\\research\\artifacts\\system\\are-we-fast-yet\\benchmarks\\Python\\harness.py DeltaBlue 10 15",
      "mean": 0.06971287666666667,
      "stddev": 0.0029642658632129336,
      "median": 0.06845367000000001,
      "user": 0.04395833333333334,
      "system": 0.016041666666666666,
      "min": 0.06675127,
      "max": 0.07619797,
      "times": [
        0.06814817000000001,
        0.06886067,
        0.06752017,
        0.06873877,
        0.06808457,
        0.06937607,
        0.06845367000000001,
        0.07147627,
        0.06835527,
        0.07491797,
        0.06739107,
        0.06675127,
        0.07619797,
        0.07383147,
        0.06758977000000001
      ],
      "exit_codes": [
        0,
        0,
        0,
        0,
        0,
        0,
        0,
        0,
        0,
        0,
        0,
        0,
        0,
        0,
        0
      ]
    }
  ]
}
