{
  "results": [
    {
      "command": "C:\\Users\\test\\Documents\\research\\research\\artifacts\\installed\\python\\python.exe C:\\Users\\test\\Documents\\research\\research\\artifacts\\system\\are-we-fast-yet\\benchmarks\\Python\\harness.py Sieve 10 15",
      "mean": 0.209544492,
      "stddev": 0.006109892985151217,
      "median": 0.20742929200000002,
      "user": 0.19499999999999995,
      "system": 0.013562499999999998,
      "min": 0.203867792,
      "max": 0.22375309200000001,
      "times": [
        0.204404092,
        0.209624692,
        0.211864592,
        0.208427592,
        0.21943179200000001,
        0.206097592,
        0.217921592,
        0.203957692,
        0.203867792,
        0.207421892,
        0.204784692,
        0.22375309200000001,
        0.20742929200000002,
        0.207704492,
        0.206476492
      ],
      "exit_codes": [
        0,
        0,
        0,
        0,
        0,
        0,
        0,
        0,
        0,
        0,
        0,
        0,
        0,
        0,
        0
      ]
    }
  ]
}
