{
  "results": [
    {
      "command": "C:\\Users\\test\\Documents\\research\\research\\artifacts\\installed\\python\\python.exe C:\\Users\\test\\Documents\\research\\research\\artifacts\\system\\are-we-fast-yet\\benchmarks\\Python\\harness.py Storage 10 15",
      "mean": 0.9239628580000001,
      "stddev": 0.06417067025115578,
      "median": 0.9169679180000001,
      "user": 0.8722916666666667,
      "system": 0.02458333333333334,
      "min": 0.866857618,
      "max": 1.120966618,
      "times": [
        0.956153518,
        0.882480718,
        0.8926572180000001,
        0.9347438180000001,
        0.9157087180000001,
        0.988412218,
        0.8733134180000001,
        0.9226498180000001,
        0.9210538180000001,
        0.9169679180000001,
        0.874546318,
        0.866857618,
        0.8749603180000001,
        0.9179708180000001,
        1.120966618
      ],
      "exit_codes": [
        0,
        0,
        0,
        0,
        0,
        0,
        0,
        0,
        0,
        0,
        0,
        0,
        0,
        0,
        0
      ]
    }
  ]
}
