{
  "results": [
    {
      "command": "C:\\Users\\test\\Documents\\research\\research\\artifacts\\installed\\python\\python.exe C:\\Users\\test\\Documents\\research\\research\\artifacts\\system\\are-we-fast-yet\\benchmarks\\Python\\harness.py Towers 10 15",
      "mean": 1.1325650459999999,
      "stddev": 0.03220760831354691,
      "median": 1.117740366,
      "user": 1.1043749999999999,
      "system": 0.01935416666666667,
      "min": 1.101718766,
      "max": 1.212110866,
      "times": [
        1.173151466,
        1.1145094660000001,
        1.101718766,
        1.1049472660000002,
        1.1329384660000001,
        1.1576210660000001,
        1.1298915660000002,
        1.103914266,
        1.109871666,
        1.140948466,
        1.1678344660000002,
        1.212110866,
        1.117740366,
        1.106103866,
        1.115173666
      ],
      "exit_codes": [
        0,
        0,
        0,
        0,
        0,
        0,
        0,
        0,
        0,
        0,
        0,
        0,
        0,
        0,
        0
      ]
    }
  ]
}
