{
  "results": [
    {
      "command": "C:\\Users\\test\\Documents\\research\\research\\artifacts\\installed\\python\\python.exe C:\\Users\\test\\Documents\\research\\research\\artifacts\\system\\are-we-fast-yet\\benchmarks\\Python\\harness.py Towers 10 15",
      "mean": 1.053887394,
      "stddev": 0.06158072588622185,
      "median": 1.045038254,
      "user": 1.0251041666666667,
      "system": 0.020583333333333332,
      "min": 0.9810833540000001,
      "max": 1.192891054,
      "times": [
        0.997313654,
        1.192891054,
        0.9810833540000001,
        1.079904854,
        0.9824615540000001,
        1.014106254,
        0.9878608540000001,
        1.116248454,
        1.141271154,
        1.0497822540000001,
        1.0736825540000001,
        1.0305105540000001,
        1.036243054,
        1.045038254,
        1.079913054
      ],
      "exit_codes": [
        0,
        0,
        0,
        0,
        0,
        0,
        0,
        0,
        0,
        0,
        0,
        0,
        0,
        0,
        0
      ]
    }
  ]
}
