{
  "results": [
    {
      "command": "C:\\Users\\test\\Documents\\research\\research\\artifacts\\installed\\python\\python.exe C:\\Users\\test\\Documents\\research\\research\\artifacts\\system\\are-we-fast-yet\\benchmarks\\Python\\harness.py Towers 10 15",
      "mean": 0.9751610900000001,
      "stddev": 0.03322460204605274,
      "median": 0.96385999,
      "user": 0.9509375000000001,
      "system": 0.021041666666666667,
      "min": 0.95353399,
      "max": 1.08563969,
      "times": [
        0.95929339,
        0.97564399,
        0.95777849,
        0.97585919,
        0.96042719,
        0.96385999,
        0.96271589,
        0.9908107899999999,
        1.08563969,
        0.99799559,
        0.96450249,
        0.9549165900000001,
        0.96935749,
        0.95353399,
        0.95508159
      ],
      "exit_codes": [
        0,
        0,
        0,
        0,
        0,
        0,
        0,
        0,
        0,
        0,
        0,
        0,
        0,
        0,
        0
      ]
    }
  ]
}
