{
  "results": [
    {
      "command": "C:\\Users\\test\\Documents\\research\\research\\artifacts\\installed\\python\\python.exe C:\\Users\\test\\Documents\\research\\research\\artifacts\\system\\are-we-fast-yet\\benchmarks\\Python\\harness.py Towers 10 15",
      "mean": 0.9502683213333333,
      "stddev": 0.03135631887965586,
      "median": 0.9419710680000001,
      "user": 0.9269791666666668,
      "system": 0.01966666666666667,
      "min": 0.9237355680000001,
      "max": 1.030408968,
      "times": [
        0.9284619680000001,
        0.9419710680000001,
        0.9290205680000001,
        0.9468744680000001,
        0.9423085680000001,
        0.946307568,
        0.9494763680000001,
        0.9237355680000001,
        1.030408968,
        0.9354710680000001,
        0.9325768680000001,
        0.9322194680000001,
        0.9395584680000001,
        1.017476068,
        0.9581577680000001
      ],
      "exit_codes": [
        0,
        0,
        0,
        0,
        0,
        0,
        0,
        0,
        0,
        0,
        0,
        0,
        0,
        0,
        0
      ]
    }
  ]
}
