{
  "results": [
    {
      "command": "C:\\Users\\test\\Documents\\research\\research\\artifacts\\installed\\python\\python.exe C:\\Users\\test\\Documents\\research\\research\\artifacts\\system\\are-we-fast-yet\\benchmarks\\Python\\harness.py List 10 15",
      "mean": 0.298710868,
      "stddev": 0.02173429177497427,
      "median": 0.291469328,
      "user": 0.2883333333333334,
      "system": 0.017041666666666667,
      "min": 0.28261672800000004,
      "max": 0.371574828,
      "times": [
        0.28657032800000004,
        0.29916652800000004,
        0.288526328,
        0.299315928,
        0.371574828,
        0.31480652800000003,
        0.29545822800000004,
        0.28587122800000003,
        0.29574932800000003,
        0.28261672800000004,
        0.291469328,
        0.302368528,
        0.28922822800000003,
        0.290499628,
        0.287441328
      ],
      "exit_codes": [
        0,
        0,
        0,
        0,
        0,
        0,
        0,
        0,
        0,
        0,
        0,
        0,
        0,
        0,
        0
      ]
    }
  ]
}
