{
  "results": [
    {
      "command": "C:\\Users\\test\\Documents\\research\\research\\artifacts\\installed\\python\\python.exe C:\\Users\\test\\Documents\\research\\research\\artifacts\\system\\are-we-fast-yet\\benchmarks\\Python\\harness.py List 10 15",
      "mean": 0.3741533513333335,
      "stddev": 0.032306811951879365,
      "median": 0.36474983800000005,
      "user": 0.34885416666666674,
      "system": 0.013750000000000004,
      "min": 0.35050153800000006,
      "max": 0.48077323800000005,
      "times": [
        0.37752033800000007,
        0.352121838,
        0.35050153800000006,
        0.35543183800000006,
        0.35574623800000005,
        0.35843883800000004,
        0.36032603800000007,
        0.355144938,
        0.397769138,
        0.36474983800000005,
        0.38081233800000003,
        0.37501203800000005,
        0.48077323800000005,
        0.37600553800000003,
        0.37194653800000005
      ],
      "exit_codes": [
        0,
        0,
        0,
        0,
        0,
        0,
        0,
        0,
        0,
        0,
        0,
        0,
        0,
        0,
        0
      ]
    }
  ]
}
