{
  "results": [
    {
      "command": "C:\\Users\\test\\Documents\\research\\research\\artifacts\\installed\\python\\python.exe C:\\Users\\test\\Documents\\research\\research\\artifacts\\system\\are-we-fast-yet\\benchmarks\\Python\\harness.py Permute 10 15",
      "mean": 0.9087060753333333,
      "stddev": 0.015005527108914932,
      "median": 0.9059890020000001,
      "user": 0.8853125000000001,
      "system": 0.014583333333333335,
      "min": 0.888309502,
      "max": 0.9411528020000001,
      "times": [
        0.9411528020000001,
        0.9054548020000001,
        0.921535002,
        0.8929187020000001,
        0.9059890020000001,
        0.9112735020000001,
        0.8924803020000001,
        0.888309502,
        0.9029542020000001,
        0.916444702,
        0.9332751020000001,
        0.9032948020000001,
        0.9148026020000001,
        0.906648502,
        0.8940576020000001
      ],
      "exit_codes": [
        0,
        0,
        0,
        0,
        0,
        0,
        0,
        0,
        0,
        0,
        0,
        0,
        0,
        0,
        0
      ]
    }
  ]
}
