{
  "results": [
    {
      "command": "C:\\Users\\test\\Documents\\research\\research\\artifacts\\installed\\python\\python.exe C:\\Users\\test\\Documents\\research\\research\\artifacts\\system\\are-we-fast-yet\\benchmarks\\Python\\harness.py List 10 15",
      "mean": 0.28938305333333336,
      "stddev": 0.025977428003597577,
      "median": 0.28237066000000005,
      "user": 0.2692708333333334,
      "system": 0.011041666666666667,
      "min": 0.27366286,
      "max": 0.38024416000000005,
      "times": [
        0.28625976000000003,
        0.27366286,
        0.28415386000000004,
        0.38024416000000005,
        0.27759956,
        0.28774176,
        0.28440316000000004,
        0.29070306,
        0.27421466,
        0.28056356000000005,
        0.28237066000000005,
        0.27657906000000004,
        0.29915906000000003,
        0.28178356000000004,
        0.28130706
      ],
      "exit_codes": [
        0,
        0,
        0,
        0,
        0,
        0,
        0,
        0,
        0,
        0,
        0,
        0,
        0,
        0,
        0
      ]
    }
  ]
}
