{
  "results": [
    {
      "command": "C:\\Users\\test\\Documents\\research\\research\\artifacts\\installed\\python\\python.exe C:\\Users\\test\\Documents\\research\\research\\artifacts\\system\\are-we-fast-yet\\benchmarks\\Python\\harness.py Bounce 10 15",
      "mean": 0.4864300840000001,
      "stddev": 0.015180557165137252,
      "median": 0.48291794400000004,
      "user": 0.46270833333333333,
      "system": 0.008270833333333333,
      "min": 0.46996254400000004,
      "max": 0.5225871440000001,
      "times": [
        0.4829112440000001,
        0.46996254400000004,
        0.48575924400000003,
        0.48291794400000004,
        0.4869266440000001,
        0.47635584400000003,
        0.48616844400000003,
        0.47345854400000004,
        0.48857304400000007,
        0.48118534400000007,
        0.4954891440000001,
        0.47309754400000004,
        0.5225871440000001,
        0.516683844,
        0.47437474400000007
      ],
      "exit_codes": [
        0,
        0,
        0,
        0,
        0,
        0,
        0,
        0,
        0,
        0,
        0,
        0,
        0,
        0,
        0
      ]
    }
  ]
}
