{
  "results": [
    {
      "command": "C:\\Users\\test\\Documents\\research\\research\\artifacts\\installed\\python\\python.exe C:\\Users\\test\\Documents\\research\\research\\artifacts\\system\\are-we-fast-yet\\benchmarks\\Python\\harness.py Permute 10 15",
      "mean": 0.7082269966666669,
      "stddev": 0.006770049359248923,
      "median": 0.70727203,
      "user": 0.6852083333333333,
      "system": 0.015208333333333332,
      "min": 0.69622183,
      "max": 0.7205913300000001,
      "times": [
        0.70685063,
        0.71699723,
        0.70418643,
        0.71078503,
        0.7020045300000001,
        0.70426233,
        0.7079948300000001,
        0.6990766300000001,
        0.70571883,
        0.70727203,
        0.7149956300000001,
        0.7205913300000001,
        0.71227163,
        0.7141760300000001,
        0.69622183
      ],
      "exit_codes": [
        0,
        0,
        0,
        0,
        0,
        0,
        0,
        0,
        0,
        0,
        0,
        0,
        0,
        0,
        0
      ]
    }
  ]
}
