{
  "results": [
    {
      "command": "C:\\Users\\test\\Documents\\research\\research\\artifacts\\installed\\python\\python.exe C:\\Users\\test\\Documents\\research\\research\\artifacts\\system\\are-we-fast-yet\\benchmarks\\Python\\harness.py Bounce 10 15",
      "mean": 0.49062613800000004,
      "stddev": 0.021169579409891788,
      "median": 0.48047931800000004,
      "user": 0.46479166666666666,
      "system": 0.02097916666666667,
      "min": 0.462860918,
      "max": 0.546535418,
      "times": [
        0.501030418,
        0.462860918,
        0.507116518,
        0.4894243180000001,
        0.499616618,
        0.473940018,
        0.500625218,
        0.47503021800000006,
        0.473945918,
        0.47679181800000003,
        0.48047931800000004,
        0.48014521800000004,
        0.546535418,
        0.512578618,
        0.47927151800000006
      ],
      "exit_codes": [
        0,
        0,
        0,
        0,
        0,
        0,
        0,
        0,
        0,
        0,
        0,
        0,
        0,
        0,
        0
      ]
    }
  ]
}
