{
  "results": [
    {
      "command": "C:\\Users\\test\\Documents\\research\\research\\artifacts\\installed\\python\\python.exe C:\\Users\\test\\Documents\\research\\research\\artifacts\\system\\are-we-fast-yet\\benchmarks\\Python\\harness.py Sieve 10 15",
      "mean": 0.22019621200000003,
      "stddev": 0.008150387564036451,
      "median": 0.21635825200000003,
      "user": 0.20104166666666673,
      "system": 0.010291666666666668,
      "min": 0.21413575200000004,
      "max": 0.24086005200000005,
      "times": [
        0.23443025200000003,
        0.21441415200000002,
        0.21428995200000003,
        0.21610795200000002,
        0.22489905200000002,
        0.21635825200000003,
        0.21646635200000003,
        0.21425545200000004,
        0.24086005200000005,
        0.21781065200000002,
        0.22277995200000003,
        0.21515795200000004,
        0.21413575200000004,
        0.21526045200000002,
        0.22571695200000003
      ],
      "exit_codes": [
        0,
        0,
        0,
        0,
        0,
        0,
        0,
        0,
        0,
        0,
        0,
        0,
        0,
        0,
        0
      ]
    }
  ]
}
