{
  "results": [
    {
      "command": "C:\\Users\\test\\Documents\\research\\research\\artifacts\\installed\\python\\python.exe C:\\Users\\test\\Documents\\research\\research\\artifacts\\system\\are-we-fast-yet\\benchmarks\\Python\\harness.py Sieve 10 15",
      "mean": 0.23130450600000005,
      "stddev": 0.01252383261495572,
      "median": 0.229134726,
      "user": 0.2076041666666666,
      "system": 0.01629166666666667,
      "min": 0.21652452600000002,
      "max": 0.26371002600000004,
      "times": [
        0.22426922600000002,
        0.24237582600000002,
        0.24133752600000002,
        0.22906512600000004,
        0.23501752600000003,
        0.21835862600000003,
        0.229134726,
        0.23277892600000002,
        0.26371002600000004,
        0.22136902600000002,
        0.21855272600000003,
        0.22440462600000002,
        0.21652452600000002,
        0.24346692600000003,
        0.22920222600000004
      ],
      "exit_codes": [
        0,
        0,
        0,
        0,
        0,
        0,
        0,
        0,
        0,
        0,
        0,
        0,
        0,
        0,
        0
      ]
    }
  ]
}
