{
  "results": [
    {
      "command": "C:\\Users\\test\\Documents\\research\\research\\artifacts\\installed2\\python\\python.exe C:\\Users\\test\\Documents\\research\\research\\system\\are-we-fast-yet\\benchmarks\\Python\\harness.py Json 10 15",
      "mean": 4.941897339999999,
      "stddev": 0.39931939270274036,
      "median": 4.935634029999999,
      "user": 4.899687500000001,
      "system": 0.032999999999999995,
      "min": 4.44096053,
      "max": 5.6230261299999995,
      "times": [
        4.85953973,
        4.4710838299999995,
        4.803577929999999,
        5.6230261299999995,
        5.2226088299999995,
        5.0117283299999995,
        5.3800940299999995,
        5.08466503,
        4.44096053,
        4.52168903
      ],
      "exit_codes": [
        0,
        0,
        0,
        0,
        0,
        0,
        0,
        0,
        0,
        0
      ]
    }
  ]
}
