{
  "results": [
    {
      "command": "C:\\Users\\test\\Documents\\research\\research\\artifacts\\installed2\\python\\python.exe C:\\Users\\test\\Documents\\research\\research\\system\\are-we-fast-yet\\benchmarks\\Python\\harness.py DeltaBlue 10 15",
      "mean": 0.07080964,
      "stddev": 0.0037899371876354664,
      "median": 0.06892886,
      "user": 0.04687500000000001,
      "system": 0.018874999999999996,
      "min": 0.06712475999999999,
      "max": 0.07750135999999999,
      "times": [
        0.07647126,
        0.07750135999999999,
        0.07238085999999999,
        0.06946255999999999,
        0.06712475999999999,
        0.06770496,
        0.06805765999999999,
        0.06811745999999999,
        0.06839516,
        0.07288035999999999
      ],
      "exit_codes": [
        0,
        0,
        0,
        0,
        0,
        0,
        0,
        0,
        0,
        0
      ]
    }
  ]
}
