{
  "results": [
    {
      "command": "C:\\Users\\test\\Documents\\research\\research\\artifacts\\installed\\python\\python.exe C:\\Users\\test\\Documents\\research\\research\\artifacts\\system\\are-we-fast-yet\\benchmarks\\Python\\harness.py DeltaBlue 10 15",
      "mean": 0.07009896533333335,
      "stddev": 0.004770239058320223,
      "median": 0.06884187200000001,
      "user": 0.046562500000000014,
      "system": 0.012624999999999999,
      "min": 0.066310872,
      "max": 0.084353672,
      "times": [
        0.07091117200000001,
        0.073848672,
        0.066397672,
        0.066310872,
        0.071945772,
        0.084353672,
        0.072460772,
        0.07144987200000001,
        0.06671447200000001,
        0.071476072,
        0.06884187200000001,
        0.066393172,
        0.067210272,
        0.066374072,
        0.06679607200000001
      ],
      "exit_codes": [
        0,
        0,
        0,
        0,
        0,
        0,
        0,
        0,
        0,
        0,
        0,
        0,
        0,
        0,
        0
      ]
    }
  ]
}
