{
  "results": [
    {
      "command": "C:\\Users\\test\\Documents\\research\\research\\artifacts\\installed\\python\\python.exe C:\\Users\\test\\Documents\\research\\research\\artifacts\\system\\are-we-fast-yet\\benchmarks\\Python\\harness.py Bounce 10 15",
      "mean": 0.49971656733333336,
      "stddev": 0.014742744524228402,
      "median": 0.49484943400000003,
      "user": 0.4672916666666665,
      "system": 0.02254166666666667,
      "min": 0.47940223400000004,
      "max": 0.532440534,
      "times": [
        0.507430234,
        0.47940223400000004,
        0.49482303400000005,
        0.516298634,
        0.523867834,
        0.532440534,
        0.49324363400000004,
        0.499334634,
        0.494067634,
        0.485229234,
        0.485522834,
        0.49484943400000003,
        0.490051934,
        0.502352734,
        0.496833934
      ],
      "exit_codes": [
        0,
        0,
        0,
        0,
        0,
        0,
        0,
        0,
        0,
        0,
        0,
        0,
        0,
        0,
        0
      ]
    }
  ]
}
