{
  "results": [
    {
      "command": "C:\\Users\\test\\Documents\\research\\research\\artifacts\\installed\\python\\python.exe C:\\Users\\test\\Documents\\research\\research\\artifacts\\system\\are-we-fast-yet\\benchmarks\\Python\\harness.py List 10 15",
      "mean": 0.30326264933333336,
      "stddev": 0.011095425076301027,
      "median": 0.30009091600000004,
      "user": 0.2833333333333334,
      "system": 0.018666666666666668,
      "min": 0.28842931600000005,
      "max": 0.324149216,
      "times": [
        0.306467816,
        0.294843116,
        0.324149216,
        0.289789216,
        0.294989116,
        0.28842931600000005,
        0.30856381600000005,
        0.308761316,
        0.31807491600000004,
        0.297070816,
        0.31419661600000004,
        0.30009091600000004,
        0.299493516,
        0.290325416,
        0.31369461600000004
      ],
      "exit_codes": [
        0,
        0,
        0,
        0,
        0,
        0,
        0,
        0,
        0,
        0,
        0,
        0,
        0,
        0,
        0
      ]
    }
  ]
}
