{
  "results": [
    {
      "command": "C:\\Users\\test\\Documents\\research\\research\\artifacts\\installed\\python\\python.exe C:\\Users\\test\\Documents\\research\\research\\artifacts\\system\\are-we-fast-yet\\benchmarks\\Python\\harness.py Towers 10 15",
      "mean": 1.1230690006666668,
      "stddev": 0.0387504370389708,
      "median": 1.1105705540000002,
      "user": 1.1030208333333333,
      "system": 0.013333333333333332,
      "min": 1.083265954,
      "max": 1.2138687540000002,
      "times": [
        1.099120554,
        1.109854354,
        1.0962712540000001,
        1.0844956540000001,
        1.1141518540000002,
        1.2138687540000002,
        1.109563254,
        1.083265954,
        1.1447754540000001,
        1.125835254,
        1.121214654,
        1.207268554,
        1.108301954,
        1.1105705540000002,
        1.117476954
      ],
      "exit_codes": [
        0,
        0,
        0,
        0,
        0,
        0,
        0,
        0,
        0,
        0,
        0,
        0,
        0,
        0,
        0
      ]
    }
  ]
}
