{
  "results": [
    {
      "command": "C:\\Users\\test\\Documents\\research\\research\\artifacts\\installed\\python\\python.exe C:\\Users\\test\\Documents\\research\\research\\artifacts\\system\\are-we-fast-yet\\benchmarks\\Python\\harness.py Bounce 10 15",
      "mean": 0.49986968933333353,
      "stddev": 0.012187679930913055,
      "median": 0.4995621760000001,
      "user": 0.46479166666666666,
      "system": 0.023083333333333334,
      "min": 0.484946776,
      "max": 0.523597776,
      "times": [
        0.48813477600000005,
        0.484946776,
        0.48923377600000006,
        0.4995621760000001,
        0.521708876,
        0.48728497600000004,
        0.523597776,
        0.505408276,
        0.5003868760000001,
        0.49561097600000004,
        0.512582776,
        0.5016490760000001,
        0.48794367600000005,
        0.49492497600000007,
        0.505069576
      ],
      "exit_codes": [
        0,
        0,
        0,
        0,
        0,
        0,
        0,
        0,
        0,
        0,
        0,
        0,
        0,
        0,
        0
      ]
    }
  ]
}
