{
  "results": [
    {
      "command": "C:\\Users\\test\\Documents\\research\\research\\artifacts\\installed\\python\\python.exe C:\\Users\\test\\Documents\\research\\research\\artifacts\\system\\are-we-fast-yet\\benchmarks\\Python\\harness.py Storage 10 15",
      "mean": 0.45062258400000005,
      "stddev": 0.03384962150935899,
      "median": 0.43813924400000004,
      "user": 0.4343750000000001,
      "system": 0.015645833333333335,
      "min": 0.425851544,
      "max": 0.538528144,
      "times": [
        0.538528144,
        0.5169512440000001,
        0.46991984400000003,
        0.444978344,
        0.455093744,
        0.43593884400000005,
        0.42585184400000003,
        0.44743864400000005,
        0.427743244,
        0.433989544,
        0.42625954400000005,
        0.43813924400000004,
        0.425851544,
        0.43004704400000004,
        0.44260794400000003
      ],
      "exit_codes": [
        0,
        0,
        0,
        0,
        0,
        0,
        0,
        0,
        0,
        0,
        0,
        0,
        0,
        0,
        0
      ]
    }
  ]
}
