{
  "results": [
    {
      "command": "C:\\Users\\test\\Documents\\research\\research\\artifacts\\installed\\python\\python.exe C:\\Users\\test\\Documents\\research\\research\\artifacts\\system\\are-we-fast-yet\\benchmarks\\Python\\harness.py Sieve 10 15",
      "mean": 0.2823383873333334,
      "stddev": 0.01041409065892847,
      "median": 0.28207065400000003,
      "user": 0.25781250000000006,
      "system": 0.013583333333333336,
      "min": 0.270072654,
      "max": 0.30196525400000007,
      "times": [
        0.27113855400000003,
        0.28706945400000006,
        0.278661354,
        0.28207065400000003,
        0.27892335400000007,
        0.270072654,
        0.28213925400000006,
        0.27165465400000005,
        0.28250005400000006,
        0.273215454,
        0.27173695400000003,
        0.30014785400000005,
        0.2921490540000001,
        0.30196525400000007,
        0.29163125400000006
      ],
      "exit_codes": [
        0,
        0,
        0,
        0,
        0,
        0,
        0,
        0,
        0,
        0,
        0,
        0,
        0,
        0,
        0
      ]
    }
  ]
}
