{
  "results": [
    {
      "command": "C:\\Users\\test\\Documents\\research\\research\\artifacts\\installed\\python\\python.exe C:\\Users\\test\\Documents\\research\\research\\artifacts\\system\\are-we-fast-yet\\benchmarks\\Python\\harness.py Queens 10 15",
      "mean": 0.3691183120000001,
      "stddev": 0.00706047845869629,
      "median": 0.370129912,
      "user": 0.3476041666666666,
      "system": 0.018354166666666664,
      "min": 0.356126612,
      "max": 0.379697112,
      "times": [
        0.37028711200000003,
        0.379697112,
        0.362663312,
        0.365880912,
        0.37895301200000003,
        0.356218812,
        0.370037312,
        0.366508112,
        0.356126612,
        0.37309471200000005,
        0.371972112,
        0.370129912,
        0.377123612,
        0.36765471200000005,
        0.370427312
      ],
      "exit_codes": [
        0,
        0,
        0,
        0,
        0,
        0,
        0,
        0,
        0,
        0,
        0,
        0,
        0,
        0,
        0
      ]
    }
  ]
}
