{
  "results": [
    {
      "command": "C:\\Users\\test\\Documents\\research\\research\\artifacts\\installed\\python\\python.exe C:\\Users\\test\\Documents\\research\\research\\artifacts\\system\\are-we-fast-yet\\benchmarks\\Python\\harness.py Storage 10 15",
      "mean": 0.5971307960000001,
      "stddev": 0.026894921096136868,
      "median": 0.5882657760000001,
      "user": 0.5810416666666668,
      "system": 0.014687499999999997,
      "min": 0.5777004760000001,
      "max": 0.678205476,
      "times": [
        0.5849807760000001,
        0.678205476,
        0.5898525760000001,
        0.600165076,
        0.5777004760000001,
        0.5799319760000001,
        0.5823648760000001,
        0.5888200760000001,
        0.5882657760000001,
        0.5953346760000001,
        0.5872289760000001,
        0.5825645760000001,
        0.587025376,
        0.5940356760000001,
        0.6404855760000001
      ],
      "exit_codes": [
        0,
        0,
        0,
        0,
        0,
        0,
        0,
        0,
        0,
        0,
        0,
        0,
        0,
        0,
        0
      ]
    }
  ]
}
