{
  "results": [
    {
      "command": "C:\\Users\\test\\Documents\\research\\research\\artifacts\\installed\\python\\python.exe C:\\Users\\test\\Documents\\research\\research\\artifacts\\system\\are-we-fast-yet\\benchmarks\\Python\\harness.py Queens 10 15",
      "mean": 0.452461022,
      "stddev": 0.011781543599751993,
      "median": 0.449321022,
      "user": 0.43697916666666653,
      "system": 0.016,
      "min": 0.435457022,
      "max": 0.48498872200000004,
      "times": [
        0.458117822,
        0.449321022,
        0.45880642200000005,
        0.435457022,
        0.48498872200000004,
        0.461331822,
        0.43799212200000004,
        0.45117892200000004,
        0.44530252200000003,
        0.44926562200000003,
        0.44340132200000004,
        0.45606292200000004,
        0.448158822,
        0.45855342200000004,
        0.448976822
      ],
      "exit_codes": [
        0,
        0,
        0,
        0,
        0,
        0,
        0,
        0,
        0,
        0,
        0,
        0,
        0,
        0,
        0
      ]
    }
  ]
}
