{
  "results": [
    {
      "command": "C:\\Users\\test\\Documents\\research\\research\\artifacts\\installed\\python\\python.exe C:\\Users\\test\\Documents\\research\\research\\artifacts\\system\\are-we-fast-yet\\benchmarks\\Python\\harness.py List 10 15",
      "mean": 0.4496593573333333,
      "stddev": 0.029178472426540446,
      "median": 0.445750864,
      "user": 0.4011458333333334,
      "system": 0.029916666666666668,
      "min": 0.40865026400000004,
      "max": 0.5117404640000001,
      "times": [
        0.5117404640000001,
        0.482011564,
        0.40865026400000004,
        0.438993664,
        0.467959764,
        0.472621964,
        0.41191846400000004,
        0.43932656400000003,
        0.479472864,
        0.437468364,
        0.455176164,
        0.410528864,
        0.43505266400000003,
        0.448217864,
        0.445750864
      ],
      "exit_codes": [
        0,
        0,
        0,
        0,
        0,
        0,
        0,
        0,
        0,
        0,
        0,
        0,
        0,
        0,
        0
      ]
    }
  ]
}
