{
  "results": [
    {
      "command": "C:\\Users\\test\\Documents\\research\\research\\artifacts\\installed\\python\\python.exe C:\\Users\\test\\Documents\\research\\research\\artifacts\\system\\are-we-fast-yet\\benchmarks\\Python\\harness.py Towers 10 15",
      "mean": 1.0234565646666667,
      "stddev": 0.062494794800054744,
      "median": 0.995202098,
      "user": 0.9998958333333334,
      "system": 0.016499999999999997,
      "min": 0.9653943980000002,
      "max": 1.202398098,
      "times": [
        1.006217098,
        1.091172998,
        1.0577497980000001,
        1.028125898,
        1.071794998,
        0.9653943980000002,
        0.991121098,
        0.9864028980000001,
        0.994383698,
        0.9759824980000001,
        1.033359098,
        1.202398098,
        0.9750028980000001,
        0.995202098,
        0.9775408980000001
      ],
      "exit_codes": [
        0,
        0,
        0,
        0,
        0,
        0,
        0,
        0,
        0,
        0,
        0,
        0,
        0,
        0,
        0
      ]
    }
  ]
}
