{
  "results": [
    {
      "command": "C:\\Users\\test\\Documents\\research\\research\\artifacts\\installed\\python\\python.exe C:\\Users\\test\\Documents\\research\\research\\artifacts\\system\\are-we-fast-yet\\benchmarks\\Python\\harness.py Bounce 10 15",
      "mean": 0.4203730180000001,
      "stddev": 0.009985775321297225,
      "median": 0.41854069800000004,
      "user": 0.3983333333333333,
      "system": 0.015729166666666662,
      "min": 0.405136998,
      "max": 0.4453786980000001,
      "times": [
        0.42559529800000007,
        0.415841298,
        0.405136998,
        0.41532079800000005,
        0.421064898,
        0.43114799800000003,
        0.41924359800000005,
        0.41207419800000006,
        0.4453786980000001,
        0.41522759800000003,
        0.429981598,
        0.411922198,
        0.41854069800000004,
        0.41309269800000004,
        0.42602669800000004
      ],
      "exit_codes": [
        0,
        0,
        0,
        0,
        0,
        0,
        0,
        0,
        0,
        0,
        0,
        0,
        0,
        0,
        0
      ]
    }
  ]
}
