{
  "results": [
    {
      "command": "C:\\Users\\test\\Documents\\research\\research\\artifacts\\installed\\python\\python.exe C:\\Users\\test\\Documents\\research\\research\\artifacts\\system\\are-we-fast-yet\\benchmarks\\Python\\harness.py Storage 10 15",
      "mean": 0.5559722786666668,
      "stddev": 0.0068251035409902915,
      "median": 0.5551098120000001,
      "user": 0.5363541666666668,
      "system": 0.01677083333333333,
      "min": 0.545232412,
      "max": 0.568671212,
      "times": [
        0.5518130120000001,
        0.5544228120000001,
        0.5615747120000001,
        0.5566833120000001,
        0.556405012,
        0.545444012,
        0.5532722120000001,
        0.5573585120000001,
        0.550487512,
        0.5542484120000001,
        0.5680925120000001,
        0.5551098120000001,
        0.5607687120000001,
        0.545232412,
        0.568671212
      ],
      "exit_codes": [
        0,
        0,
        0,
        0,
        0,
        0,
        0,
        0,
        0,
        0,
        0,
        0,
        0,
        0,
        0
      ]
    }
  ]
}
