{
  "results": [
    {
      "command": "C:\\Users\\test\\Documents\\research\\research\\artifacts\\installed\\python\\python.exe C:\\Users\\test\\Documents\\research\\research\\artifacts\\system\\are-we-fast-yet\\benchmarks\\Python\\harness.py List 10 15",
      "mean": 0.2930215726666666,
      "stddev": 0.019824519246408934,
      "median": 0.288104126,
      "user": 0.2744791666666667,
      "system": 0.015208333333333332,
      "min": 0.27683272600000003,
      "max": 0.35718782600000004,
      "times": [
        0.305168526,
        0.284574826,
        0.30668512600000003,
        0.28078642600000003,
        0.288104126,
        0.285327926,
        0.28892912600000004,
        0.35718782600000004,
        0.290137126,
        0.28365902600000004,
        0.28837742600000005,
        0.298676626,
        0.27683272600000003,
        0.27967442600000003,
        0.281202326
      ],
      "exit_codes": [
        0,
        0,
        0,
        0,
        0,
        0,
        0,
        0,
        0,
        0,
        0,
        0,
        0,
        0,
        0
      ]
    }
  ]
}
