{
  "results": [
    {
      "command": "C:\\Users\\test\\Documents\\research\\research\\artifacts\\installed\\python\\python.exe C:\\Users\\test\\Documents\\research\\research\\artifacts\\system\\are-we-fast-yet\\benchmarks\\Python\\harness.py Permute 10 15",
      "mean": 0.7177134466666666,
      "stddev": 0.011835470087028762,
      "median": 0.71621068,
      "user": 0.698541666666667,
      "system": 0.011604166666666667,
      "min": 0.69900438,
      "max": 0.74253068,
      "times": [
        0.70680478,
        0.70854178,
        0.69900438,
        0.71302018,
        0.71719948,
        0.71100078,
        0.7218464800000001,
        0.70309758,
        0.71441928,
        0.72855358,
        0.72361328,
        0.73380968,
        0.74253068,
        0.72604908,
        0.71621068
      ],
      "exit_codes": [
        0,
        0,
        0,
        0,
        0,
        0,
        0,
        0,
        0,
        0,
        0,
        0,
        0,
        0,
        0
      ]
    }
  ]
}
