{
  "results": [
    {
      "command": "C:\\Users\\test\\Documents\\research\\research\\artifacts\\installed\\python\\python.exe C:\\Users\\test\\Documents\\research\\research\\artifacts\\system\\are-we-fast-yet\\benchmarks\\Python\\harness.py Towers 10 15",
      "mean": 1.029735004,
      "stddev": 0.03663424596612923,
      "median": 1.0229512440000001,
      "user": 1.0009375,
      "system": 0.02016666666666667,
      "min": 1.002026644,
      "max": 1.155043944,
      "times": [
        1.028838744,
        1.0251915440000001,
        1.0061035440000001,
        1.0229512440000001,
        1.039460744,
        1.025469144,
        1.0182245440000002,
        1.043300444,
        1.0067002440000001,
        1.019192244,
        1.007542744,
        1.002026644,
        1.018607244,
        1.155043944,
        1.027372044
      ],
      "exit_codes": [
        0,
        0,
        0,
        0,
        0,
        0,
        0,
        0,
        0,
        0,
        0,
        0,
        0,
        0,
        0
      ]
    }
  ]
}
