{
  "results": [
    {
      "command": "C:\\Users\\test\\Documents\\research\\research\\artifacts\\installed\\python\\python.exe C:\\Users\\test\\Documents\\research\\research\\artifacts\\system\\are-we-fast-yet\\benchmarks\\Python\\harness.py Bounce 10 15",
      "mean": 0.401095732,
      "stddev": 0.020384857000507583,
      "median": 0.393188172,
      "user": 0.37541666666666657,
      "system": 0.02533333333333333,
      "min": 0.378903472,
      "max": 0.44014537200000003,
      "times": [
        0.393188172,
        0.420112672,
        0.378903472,
        0.388408172,
        0.382941972,
        0.380787472,
        0.436069172,
        0.414426572,
        0.38955627200000004,
        0.44014537200000003,
        0.39617567200000003,
        0.394149172,
        0.390374272,
        0.386742572,
        0.42445497200000004
      ],
      "exit_codes": [
        0,
        0,
        0,
        0,
        0,
        0,
        0,
        0,
        0,
        0,
        0,
        0,
        0,
        0,
        0
      ]
    }
  ]
}
