{
  "results": [
    {
      "command": "C:\\Users\\test\\Documents\\research\\research\\artifacts\\installed2\\python\\python.exe C:\\Users\\test\\Documents\\research\\research\\system\\are-we-fast-yet\\benchmarks\\Python\\harness.py DeltaBlue 10 15",
      "mean": 0.06956169000000001,
      "stddev": 0.0028857703175139285,
      "median": 0.06855320000000001,
      "user": 0.0409375,
      "system": 0.017875,
      "min": 0.06559550000000001,
      "max": 0.07334840000000001,
      "times": [
        0.07213050000000001,
        0.07271260000000002,
        0.0727373,
        0.06811140000000002,
        0.06814210000000001,
        0.07334840000000001,
        0.06559550000000001,
        0.0689643,
        0.06684140000000001,
        0.0670334
      ],
      "exit_codes": [
        0,
        0,
        0,
        0,
        0,
        0,
        0,
        0,
        0,
        0
      ]
    }
  ]
}
