{
  "results": [
    {
      "command": "C:\\Users\\test\\Documents\\research\\research\\artifacts\\installed\\python\\python.exe C:\\Users\\test\\Documents\\research\\research\\artifacts\\system\\are-we-fast-yet\\benchmarks\\Python\\harness.py DeltaBlue 10 15",
      "mean": 0.12097762933333336,
      "stddev": 0.024164457484775526,
      "median": 0.123963936,
      "user": 0.07031250000000003,
      "system": 0.026958333333333345,
      "min": 0.077835536,
      "max": 0.16362653600000002,
      "times": [
        0.16362653600000002,
        0.12321373600000002,
        0.13493643600000002,
        0.157447436,
        0.10972463600000001,
        0.136248236,
        0.091233636,
        0.129957036,
        0.129057636,
        0.11350623600000001,
        0.08631633600000001,
        0.106576736,
        0.077835536,
        0.123963936,
        0.13102033600000002
      ],
      "exit_codes": [
        0,
        0,
        0,
        0,
        0,
        0,
        0,
        0,
        0,
        0,
        0,
        0,
        0,
        0,
        0
      ]
    }
  ]
}
