{
  "results": [
    {
      "command": "C:\\Users\\test\\Documents\\research\\research\\artifacts\\installed2\\python\\python.exe C:\\Users\\test\\Documents\\research\\research\\system\\are-we-fast-yet\\benchmarks\\Python\\harness.py DeltaBlue 10 15",
      "mean": 0.06907331400000001,
      "stddev": 0.0023206691932620574,
      "median": 0.06826178399999999,
      "user": 0.0459375,
      "system": 0.017031249999999998,
      "min": 0.066899284,
      "max": 0.07340938400000001,
      "times": [
        0.072469084,
        0.070138684,
        0.07340938400000001,
        0.069014784,
        0.067508784,
        0.069456084,
        0.066899284,
        0.067383084,
        0.067265284,
        0.067188684
      ],
      "exit_codes": [
        0,
        0,
        0,
        0,
        0,
        0,
        0,
        0,
        0,
        0
      ]
    }
  ]
}
