{
  "results": [
    {
      "command": "C:\\Users\\test\\Documents\\research\\research\\artifacts\\installed\\python\\python.exe C:\\Users\\test\\Documents\\research\\research\\artifacts\\system\\are-we-fast-yet\\benchmarks\\Python\\harness.py Queens 10 15",
      "mean": 0.38906417066666676,
      "stddev": 0.008375322579243194,
      "median": 0.3902616440000001,
      "user": 0.3682291666666666,
      "system": 0.017583333333333333,
      "min": 0.37147144400000004,
      "max": 0.40072044400000006,
      "times": [
        0.37875034400000007,
        0.3814222440000001,
        0.3902616440000001,
        0.37147144400000004,
        0.39653064400000004,
        0.39445004400000006,
        0.39093884400000006,
        0.39879534400000005,
        0.38939224400000005,
        0.40072044400000006,
        0.39928124400000004,
        0.3822929440000001,
        0.38606814400000006,
        0.38426174400000007,
        0.39132524400000007
      ],
      "exit_codes": [
        0,
        0,
        0,
        0,
        0,
        0,
        0,
        0,
        0,
        0,
        0,
        0,
        0,
        0,
        0
      ]
    }
  ]
}
