{
  "results": [
    {
      "command": "C:\\Users\\test\\Documents\\research\\research\\artifacts\\installed\\python\\python.exe C:\\Users\\test\\Documents\\research\\research\\artifacts\\system\\are-we-fast-yet\\benchmarks\\Python\\harness.py Json 10 15",
      "mean": 2.2348172720000004,
      "stddev": 0.08909048332101314,
      "median": 2.244894252,
      "user": 2.211041666666666,
      "system": 0.017583333333333333,
      "min": 2.118238052,
      "max": 2.4206425520000003,
      "times": [
        2.3714936520000003,
        2.120431752,
        2.252813352,
        2.244894252,
        2.303660652,
        2.118238052,
        2.2540627520000003,
        2.2039939520000003,
        2.281023652,
        2.4206425520000003,
        2.159639952,
        2.208369552,
        2.152179552,
        2.281284452,
        2.149530952
      ],
      "exit_codes": [
        0,
        0,
        0,
        0,
        0,
        0,
        0,
        0,
        0,
        0,
        0,
        0,
        0,
        0,
        0
      ]
    }
  ]
}
