{
  "results": [
    {
      "command": "C:\\Users\\test\\Documents\\research\\research\\artifacts\\installed\\python\\python.exe C:\\Users\\test\\Documents\\research\\research\\artifacts\\system\\are-we-fast-yet\\benchmarks\\Python\\harness.py Queens 10 15",
      "mean": 0.37972371000000005,
      "stddev": 0.007285494350008106,
      "median": 0.37990305,
      "user": 0.35927083333333343,
      "system": 0.01991666666666667,
      "min": 0.37063175000000004,
      "max": 0.39890355000000005,
      "times": [
        0.37632145000000006,
        0.38781865000000004,
        0.37444775,
        0.37133005,
        0.38117185000000003,
        0.37593255000000003,
        0.38011335,
        0.38475075000000003,
        0.38344165,
        0.37990305,
        0.37063175000000004,
        0.39890355000000005,
        0.37439415000000004,
        0.38217085000000006,
        0.37452425000000006
      ],
      "exit_codes": [
        0,
        0,
        0,
        0,
        0,
        0,
        0,
        0,
        0,
        0,
        0,
        0,
        0,
        0,
        0
      ]
    }
  ]
}
