{
  "results": [
    {
      "command": "C:\\Users\\test\\Documents\\research\\research\\artifacts\\installed\\python\\python.exe C:\\Users\\test\\Documents\\research\\research\\artifacts\\system\\are-we-fast-yet\\benchmarks\\Python\\harness.py Sieve 10 15",
      "mean": 0.23280352000000007,
      "stddev": 0.019779622678107026,
      "median": 0.23259876000000002,
      "user": 0.2118750000000001,
      "system": 0.013125,
      "min": 0.21174046000000002,
      "max": 0.28452766,
      "times": [
        0.23713816000000001,
        0.23462076,
        0.21465296,
        0.23259876000000002,
        0.21296926000000002,
        0.22594646000000002,
        0.21191756,
        0.21174046000000002,
        0.21949136000000002,
        0.22346346,
        0.25285616,
        0.25037156,
        0.24510836000000003,
        0.28452766,
        0.23464986000000002
      ],
      "exit_codes": [
        0,
        0,
        0,
        0,
        0,
        0,
        0,
        0,
        0,
        0,
        0,
        0,
        0,
        0,
        0
      ]
    }
  ]
}
