{
  "results": [
    {
      "command": "C:\\Users\\test\\Documents\\research\\research\\artifacts\\installed2\\python\\python.exe C:\\Users\\test\\Documents\\research\\research\\system\\are-we-fast-yet\\benchmarks\\Python\\harness.py DeltaBlue 10 15",
      "mean": 0.07904413,
      "stddev": 0.010898710593709903,
      "median": 0.07487869,
      "user": 0.05500000000000001,
      "system": 0.0139375,
      "min": 0.06857754,
      "max": 0.09723274000000001,
      "times": [
        0.07515414000000001,
        0.09101974,
        0.08496234000000001,
        0.09070624000000001,
        0.09723274000000001,
        0.07460324,
        0.06930764,
        0.06929604,
        0.06958164,
        0.06857754
      ],
      "exit_codes": [
        0,
        0,
        0,
        0,
        0,
        0,
        0,
        0,
        0,
        0
      ]
    }
  ]
}
