{
  "results": [
    {
      "command": "C:\\Users\\test\\Documents\\research\\research\\artifacts\\installed\\python\\python.exe C:\\Users\\test\\Documents\\research\\research\\artifacts\\system\\are-we-fast-yet\\benchmarks\\Python\\harness.py DeltaBlue 10 15",
      "mean": 0.06810707333333332,
      "stddev": 0.004101279214702697,
      "median": 0.06643705999999999,
      "user": 0.043645833333333335,
      "system": 0.01939583333333333,
      "min": 0.06521036,
      "max": 0.07927595999999999,
      "times": [
        0.06655656,
        0.06525166,
        0.06649706,
        0.06521036,
        0.06629266,
        0.07004656,
        0.06723836,
        0.07016076,
        0.07927595999999999,
        0.07536245999999999,
        0.06527126,
        0.06643705999999999,
        0.06612815999999999,
        0.06550025999999999,
        0.06637696
      ],
      "exit_codes": [
        0,
        0,
        0,
        0,
        0,
        0,
        0,
        0,
        0,
        0,
        0,
        0,
        0,
        0,
        0
      ]
    }
  ]
}
