{
  "results": [
    {
      "command": "C:\\Users\\test\\Documents\\research\\research\\artifacts\\installed\\python\\python.exe C:\\Users\\test\\Documents\\research\\research\\artifacts\\system\\are-we-fast-yet\\benchmarks\\Python\\harness.py List 10 15",
      "mean": 0.3014105746666667,
      "stddev": 0.023413999391068432,
      "median": 0.295418848,
      "user": 0.27322916666666663,
      "system": 0.020979166666666663,
      "min": 0.28862454800000004,
      "max": 0.38295064800000006,
      "times": [
        0.297697048,
        0.290708548,
        0.38295064800000006,
        0.295418848,
        0.29137364800000004,
        0.28862454800000004,
        0.310003448,
        0.288625948,
        0.298940448,
        0.30453564800000005,
        0.29954704800000004,
        0.28893904800000003,
        0.290743048,
        0.293054448,
        0.299996248
      ],
      "exit_codes": [
        0,
        0,
        0,
        0,
        0,
        0,
        0,
        0,
        0,
        0,
        0,
        0,
        0,
        0,
        0
      ]
    }
  ]
}
