{
  "results": [
    {
      "command": "C:\\Users\\test\\Documents\\research\\research\\artifacts\\installed2\\python\\python.exe C:\\Users\\test\\Documents\\research\\research\\system\\are-we-fast-yet\\benchmarks\\Python\\harness.py DeltaBlue 10 15",
      "mean": 0.069055448,
      "stddev": 0.005588034228957444,
      "median": 0.066607428,
      "user": 0.0459375,
      "system": 0.01665625,
      "min": 0.063328528,
      "max": 0.07742942800000001,
      "times": [
        0.07630252800000001,
        0.071491628,
        0.067146228,
        0.064575028,
        0.06357222800000001,
        0.063328528,
        0.066068628,
        0.07742942800000001,
        0.075504428,
        0.065135828
      ],
      "exit_codes": [
        0,
        0,
        0,
        0,
        0,
        0,
        0,
        0,
        0,
        0
      ]
    }
  ]
}
