{
  "results": [
    {
      "command": "C:\\Users\\test\\Documents\\research\\research\\artifacts\\installed\\python\\python.exe C:\\Users\\test\\Documents\\research\\research\\artifacts\\system\\are-we-fast-yet\\benchmarks\\Python\\harness.py DeltaBlue 10 15",
      "mean": 0.066032998,
      "stddev": 0.0023667816509223773,
      "median": 0.06449807800000001,
      "user": 0.0446875,
      "system": 0.021479166666666664,
      "min": 0.063681678,
      "max": 0.07017387800000001,
      "times": [
        0.06953727800000001,
        0.06410237800000002,
        0.06932587800000001,
        0.06431187800000002,
        0.06628217800000001,
        0.067352378,
        0.064444678,
        0.064071078,
        0.063681678,
        0.06449807800000001,
        0.06544697800000002,
        0.064113078,
        0.06425477800000001,
        0.07017387800000001,
        0.06889877800000001
      ],
      "exit_codes": [
        0,
        0,
        0,
        0,
        0,
        0,
        0,
        0,
        0,
        0,
        0,
        0,
        0,
        0,
        0
      ]
    }
  ]
}
