{
  "results": [
    {
      "command": "C:\\Users\\test\\Documents\\research\\research\\artifacts\\installed\\python\\python.exe C:\\Users\\test\\Documents\\research\\research\\artifacts\\system\\are-we-fast-yet\\benchmarks\\Python\\harness.py Sieve 10 15",
      "mean": 0.20917749400000002,
      "stddev": 0.005960097961658967,
      "median": 0.20858975400000002,
      "user": 0.1857291666666666,
      "system": 0.017500000000000005,
      "min": 0.202098554,
      "max": 0.21851505400000001,
      "times": [
        0.21813105400000002,
        0.21851505400000001,
        0.20686245400000003,
        0.215868254,
        0.214453154,
        0.21181615400000003,
        0.20459715400000003,
        0.21272775400000002,
        0.20304895400000003,
        0.212011254,
        0.20313365400000002,
        0.20320915400000003,
        0.202098554,
        0.20858975400000002,
        0.20260005400000003
      ],
      "exit_codes": [
        0,
        0,
        0,
        0,
        0,
        0,
        0,
        0,
        0,
        0,
        0,
        0,
        0,
        0,
        0
      ]
    }
  ]
}
