{
  "results": [
    {
      "command": "C:\\Users\\test\\Documents\\research\\research\\artifacts\\installed\\python\\python.exe C:\\Users\\test\\Documents\\research\\research\\artifacts\\system\\are-we-fast-yet\\benchmarks\\Python\\harness.py Sieve 10 15",
      "mean": 0.21802967266666667,
      "stddev": 0.006801003934658328,
      "median": 0.21476834600000003,
      "user": 0.20395833333333327,
      "system": 0.011583333333333333,
      "min": 0.21096264600000003,
      "max": 0.231725846,
      "times": [
        0.21372384600000002,
        0.212934946,
        0.22221224600000003,
        0.21286604600000003,
        0.231725846,
        0.213468546,
        0.224671846,
        0.21240534600000002,
        0.23065454600000002,
        0.223294546,
        0.217478946,
        0.21476834600000003,
        0.21326554600000003,
        0.21096264600000003,
        0.216011846
      ],
      "exit_codes": [
        0,
        0,
        0,
        0,
        0,
        0,
        0,
        0,
        0,
        0,
        0,
        0,
        0,
        0,
        0
      ]
    }
  ]
}
