{
  "results": [
    {
      "command": "C:\\Users\\test\\Documents\\research\\research\\artifacts\\installed\\python\\python.exe C:\\Users\\test\\Documents\\research\\research\\artifacts\\system\\are-we-fast-yet\\benchmarks\\Python\\harness.py List 10 15",
      "mean": 0.19721133933333335,
      "stddev": 0.015279046856625332,
      "median": 0.192014326,
      "user": 0.1848958333333334,
      "system": 0.012291666666666666,
      "min": 0.18148032600000003,
      "max": 0.23951542600000003,
      "times": [
        0.21241962600000003,
        0.19191312600000002,
        0.23951542600000003,
        0.19298272600000002,
        0.217411026,
        0.189216826,
        0.184874526,
        0.19235432600000002,
        0.19948752600000003,
        0.19071962600000003,
        0.18322072600000003,
        0.192014326,
        0.19149262600000003,
        0.19906732600000002,
        0.18148032600000003
      ],
      "exit_codes": [
        0,
        0,
        0,
        0,
        0,
        0,
        0,
        0,
        0,
        0,
        0,
        0,
        0,
        0,
        0
      ]
    }
  ]
}
