{
  "results": [
    {
      "command": "C:\\Users\\test\\Documents\\research\\research\\artifacts\\installed\\python\\python.exe C:\\Users\\test\\Documents\\research\\research\\artifacts\\system\\are-we-fast-yet\\benchmarks\\Python\\harness.py Bounce 10 15",
      "mean": 0.6962580820000001,
      "stddev": 0.048368894948935356,
      "median": 0.6845887220000001,
      "user": 0.6452083333333333,
      "system": 0.025583333333333326,
      "min": 0.619319622,
      "max": 0.7915256220000001,
      "times": [
        0.6654666220000001,
        0.619319622,
        0.7395268220000001,
        0.752883222,
        0.7540470220000001,
        0.7915256220000001,
        0.7151448220000001,
        0.668599622,
        0.6689741220000001,
        0.728385022,
        0.658326822,
        0.6434326220000001,
        0.6845887220000001,
        0.690481722,
        0.663168822
      ],
      "exit_codes": [
        0,
        0,
        0,
        0,
        0,
        0,
        0,
        0,
        0,
        0,
        0,
        0,
        0,
        0,
        0
      ]
    }
  ]
}
