{
  "results": [
    {
      "command": "C:\\Users\\test\\Documents\\research\\research\\artifacts\\installed2\\python\\python.exe C:\\Users\\test\\Documents\\research\\research\\system\\are-we-fast-yet\\benchmarks\\Python\\harness.py DeltaBlue 10 15",
      "mean": 0.06959116000000001,
      "stddev": 0.003735997719128499,
      "median": 0.06870498,
      "user": 0.050624999999999996,
      "system": 0.018687500000000003,
      "min": 0.06507058,
      "max": 0.07766938000000001,
      "times": [
        0.07766938000000001,
        0.06830798,
        0.06717828,
        0.06507058,
        0.07136438,
        0.07207618,
        0.06837458,
        0.07146648000000001,
        0.06536838,
        0.06903538000000001
      ],
      "exit_codes": [
        0,
        0,
        0,
        0,
        0,
        0,
        0,
        0,
        0,
        0
      ]
    }
  ]
}
