{
  "results": [
    {
      "command": "C:\\Users\\test\\Documents\\research\\research\\artifacts\\installed\\python\\python.exe C:\\Users\\test\\Documents\\research\\research\\artifacts\\system\\are-we-fast-yet\\benchmarks\\Python\\harness.py Bounce 10 15",
      "mean": 0.542013026,
      "stddev": 0.03163708665085962,
      "median": 0.5302459660000001,
      "user": 0.5122916666666668,
      "system": 0.01939583333333333,
      "min": 0.5052348660000001,
      "max": 0.6091669660000001,
      "times": [
        0.5052348660000001,
        0.5355619660000001,
        0.5610738660000001,
        0.5784486660000001,
        0.5262696660000001,
        0.5093452660000001,
        0.536505266,
        0.6091669660000001,
        0.525525266,
        0.5302459660000001,
        0.5230691660000001,
        0.6017457660000001,
        0.5402008660000001,
        0.5177377660000001,
        0.5300640660000001
      ],
      "exit_codes": [
        0,
        0,
        0,
        0,
        0,
        0,
        0,
        0,
        0,
        0,
        0,
        0,
        0,
        0,
        0
      ]
    }
  ]
}
