{
  "results": [
    {
      "command": "C:\\Users\\test\\Documents\\research\\research\\artifacts\\installed\\python\\python.exe C:\\Users\\test\\Documents\\research\\research\\artifacts\\system\\are-we-fast-yet\\benchmarks\\Python\\harness.py Bounce 10 15",
      "mean": 0.4151672686666667,
      "stddev": 0.028903788575391838,
      "median": 0.40593640200000003,
      "user": 0.39177083333333335,
      "system": 0.017041666666666667,
      "min": 0.391038902,
      "max": 0.502546002,
      "times": [
        0.40818030200000005,
        0.45611910200000005,
        0.397127302,
        0.40593640200000003,
        0.391038902,
        0.40612700200000007,
        0.39761080200000004,
        0.41505270200000005,
        0.39877650200000003,
        0.40159800200000006,
        0.42026910200000006,
        0.40144930200000006,
        0.424553302,
        0.502546002,
        0.40112430200000004
      ],
      "exit_codes": [
        0,
        0,
        0,
        0,
        0,
        0,
        0,
        0,
        0,
        0,
        0,
        0,
        0,
        0,
        0
      ]
    }
  ]
}
