{
  "results": [
    {
      "command": "C:\\Users\\test\\Documents\\research\\research\\artifacts\\installed\\python\\python.exe C:\\Users\\test\\Documents\\research\\research\\artifacts\\system\\are-we-fast-yet\\benchmarks\\Python\\harness.py Permute 10 15",
      "mean": 0.6955721353333334,
      "stddev": 0.020384110591405914,
      "median": 0.6920737220000001,
      "user": 0.6696875000000001,
      "system": 0.020708333333333336,
      "min": 0.676268222,
      "max": 0.761824122,
      "times": [
        0.7016641220000001,
        0.761824122,
        0.700014922,
        0.6828836220000001,
        0.690285722,
        0.7045487220000001,
        0.687121422,
        0.6923177220000001,
        0.687409522,
        0.682519522,
        0.677162122,
        0.676268222,
        0.694355122,
        0.7031334220000001,
        0.6920737220000001
      ],
      "exit_codes": [
        0,
        0,
        0,
        0,
        0,
        0,
        0,
        0,
        0,
        0,
        0,
        0,
        0,
        0,
        0
      ]
    }
  ]
}
