{
  "results": [
    {
      "command": "C:\\Users\\test\\Documents\\research\\research\\artifacts\\installed\\python\\python.exe C:\\Users\\test\\Documents\\research\\research\\artifacts\\system\\are-we-fast-yet\\benchmarks\\Python\\harness.py Queens 10 15",
      "mean": 0.4550942106666667,
      "stddev": 0.013009646814886833,
      "median": 0.44950214400000005,
      "user": 0.4300000000000002,
      "system": 0.01991666666666667,
      "min": 0.443103144,
      "max": 0.488236944,
      "times": [
        0.468344244,
        0.44950214400000005,
        0.44834344400000004,
        0.443103144,
        0.448999244,
        0.45046364400000005,
        0.444803844,
        0.44483824400000005,
        0.444372244,
        0.45093244400000004,
        0.465838344,
        0.445466244,
        0.46719414400000003,
        0.488236944,
        0.465974844
      ],
      "exit_codes": [
        0,
        0,
        0,
        0,
        0,
        0,
        0,
        0,
        0,
        0,
        0,
        0,
        0,
        0,
        0
      ]
    }
  ]
}
