{
  "results": [
    {
      "command": "C:\\Users\\test\\Documents\\research\\research\\artifacts\\installed\\python\\python.exe C:\\Users\\test\\Documents\\research\\research\\artifacts\\system\\are-we-fast-yet\\benchmarks\\Python\\harness.py Bounce 10 15",
      "mean": 0.42285830133333335,
      "stddev": 0.007348308322781958,
      "median": 0.42553056800000005,
      "user": 0.3963541666666666,
      "system": 0.021479166666666664,
      "min": 0.41053916800000007,
      "max": 0.43442916800000003,
      "times": [
        0.41186096800000005,
        0.41759106800000007,
        0.42766696800000004,
        0.41548446800000005,
        0.42773706800000005,
        0.4151880680000001,
        0.41953476800000006,
        0.42801736800000006,
        0.42731956800000004,
        0.42890896800000006,
        0.42553056800000005,
        0.43442916800000003,
        0.422460168,
        0.43060616800000007,
        0.41053916800000007
      ],
      "exit_codes": [
        0,
        0,
        0,
        0,
        0,
        0,
        0,
        0,
        0,
        0,
        0,
        0,
        0,
        0,
        0
      ]
    }
  ]
}
