{
  "results": [
    {
      "command": "C:\\Users\\test\\Documents\\research\\research\\artifacts\\installed\\python\\python.exe C:\\Users\\test\\Documents\\research\\research\\artifacts\\system\\are-we-fast-yet\\benchmarks\\Python\\harness.py Bounce 10 15",
      "mean": 0.4153698579999999,
      "stddev": 0.02115580332640264,
      "median": 0.412974198,
      "user": 0.38947916666666677,
      "system": 0.016583333333333335,
      "min": 0.391249998,
      "max": 0.48411739800000003,
      "times": [
        0.393503598,
        0.414278598,
        0.418740698,
        0.425450898,
        0.412974198,
        0.48411739800000003,
        0.414878998,
        0.411126798,
        0.391249998,
        0.416581798,
        0.40920269800000003,
        0.400240398,
        0.418315998,
        0.41162749800000004,
        0.408258298
      ],
      "exit_codes": [
        0,
        0,
        0,
        0,
        0,
        0,
        0,
        0,
        0,
        0,
        0,
        0,
        0,
        0,
        0
      ]
    }
  ]
}
