{
  "results": [
    {
      "command": "C:\\Users\\test\\Documents\\research\\research\\artifacts\\installed\\python\\python.exe C:\\Users\\test\\Documents\\research\\research\\artifacts\\system\\are-we-fast-yet\\benchmarks\\Python\\harness.py Bounce 10 15",
      "mean": 0.4358244633333334,
      "stddev": 0.012749938437356514,
      "median": 0.43378567000000007,
      "user": 0.4096874999999999,
      "system": 0.021791666666666664,
      "min": 0.42058627000000004,
      "max": 0.47376127000000007,
      "times": [
        0.43389617,
        0.44822587,
        0.43320397000000005,
        0.44226807000000007,
        0.43717637000000004,
        0.43116607000000007,
        0.42572877000000003,
        0.43845787,
        0.42502377,
        0.43666357000000006,
        0.43378567000000007,
        0.42058627000000004,
        0.43337327000000003,
        0.42404997000000005,
        0.47376127000000007
      ],
      "exit_codes": [
        0,
        0,
        0,
        0,
        0,
        0,
        0,
        0,
        0,
        0,
        0,
        0,
        0,
        0,
        0
      ]
    }
  ]
}
