{
  "results": [
    {
      "command": "C:\\Users\\test\\Documents\\research\\research\\artifacts\\installed\\python\\python.exe C:\\Users\\test\\Documents\\research\\research\\artifacts\\system\\are-we-fast-yet\\benchmarks\\Python\\harness.py Queens 10 15",
      "mean": 0.2692010673333334,
      "stddev": 0.0152209396503476,
      "median": 0.263564434,
      "user": 0.2501041666666667,
      "system": 0.01422916666666667,
      "min": 0.253597634,
      "max": 0.303663634,
      "times": [
        0.254674734,
        0.263564434,
        0.26475103400000005,
        0.27276413400000005,
        0.253597634,
        0.29259893400000003,
        0.26100213400000005,
        0.27125053400000004,
        0.303663634,
        0.26353663400000005,
        0.25852533400000005,
        0.27387433400000005,
        0.26049673400000006,
        0.290029234,
        0.253686534
      ],
      "exit_codes": [
        0,
        0,
        0,
        0,
        0,
        0,
        0,
        0,
        0,
        0,
        0,
        0,
        0,
        0,
        0
      ]
    }
  ]
}
