{
  "results": [
    {
      "command": "C:\\Users\\test\\Documents\\research\\research\\artifacts\\installed\\python\\python.exe C:\\Users\\test\\Documents\\research\\research\\artifacts\\system\\are-we-fast-yet\\benchmarks\\Python\\harness.py List 10 15",
      "mean": 0.184244504,
      "stddev": 0.00793093094942652,
      "median": 0.18039248400000002,
      "user": 0.16937500000000003,
      "system": 0.011041666666666667,
      "min": 0.17780208400000003,
      "max": 0.199847884,
      "times": [
        0.17799858400000002,
        0.17780208400000003,
        0.179416084,
        0.18062598400000002,
        0.19851578400000003,
        0.178817984,
        0.178593984,
        0.179366884,
        0.196350084,
        0.18796078400000002,
        0.199847884,
        0.177924084,
        0.18039248400000002,
        0.182288584,
        0.187766284
      ],
      "exit_codes": [
        0,
        0,
        0,
        0,
        0,
        0,
        0,
        0,
        0,
        0,
        0,
        0,
        0,
        0,
        0
      ]
    }
  ]
}
