{
  "results": [
    {
      "command": "C:\\Users\\test\\Documents\\research\\research\\artifacts\\installed\\python\\python.exe C:\\Users\\test\\Documents\\research\\research\\artifacts\\system\\are-we-fast-yet\\benchmarks\\Python\\harness.py Queens 10 15",
      "mean": 0.3725110626666667,
      "stddev": 0.0071879978596135945,
      "median": 0.370649416,
      "user": 0.35531250000000003,
      "system": 0.011333333333333334,
      "min": 0.361410416,
      "max": 0.38728391600000006,
      "times": [
        0.381379016,
        0.37460451600000005,
        0.36880691600000004,
        0.37463901600000005,
        0.37318151600000005,
        0.36562141600000003,
        0.36186541600000005,
        0.38728391600000006,
        0.37903411600000003,
        0.369964316,
        0.37052571600000006,
        0.361410416,
        0.370649416,
        0.37964891600000006,
        0.369051316
      ],
      "exit_codes": [
        0,
        0,
        0,
        0,
        0,
        0,
        0,
        0,
        0,
        0,
        0,
        0,
        0,
        0,
        0
      ]
    }
  ]
}
