{
  "results": [
    {
      "command": "C:\\Users\\test\\Documents\\research\\research\\artifacts\\installed2\\python\\python.exe C:\\Users\\test\\Documents\\research\\research\\system\\are-we-fast-yet\\benchmarks\\Python\\harness.py DeltaBlue 10 15",
      "mean": 0.064831938,
      "stddev": 0.00557208586553446,
      "median": 0.062554558,
      "user": 0.04625,
      "system": 0.019062500000000003,
      "min": 0.06180725800000001,
      "max": 0.07993145800000001,
      "times": [
        0.07993145800000001,
        0.06233375800000001,
        0.062327758000000004,
        0.06300065800000001,
        0.062763558,
        0.062345558,
        0.06774935800000001,
        0.063722158,
        0.062337858,
        0.06180725800000001
      ],
      "exit_codes": [
        0,
        0,
        0,
        0,
        0,
        0,
        0,
        0,
        0,
        0
      ]
    }
  ]
}
