{
  "results": [
    {
      "command": "C:\\Users\\test\\Documents\\research\\research\\artifacts\\installed\\python\\python.exe C:\\Users\\test\\Documents\\research\\research\\artifacts\\system\\are-we-fast-yet\\benchmarks\\Python\\harness.py DeltaBlue 10 15",
      "mean": 0.065542562,
      "stddev": 0.0015324925551904892,
      "median": 0.066066182,
      "user": 0.03312499999999999,
      "system": 0.02033333333333333,
      "min": 0.062322482000000005,
      "max": 0.06727908199999999,
      "times": [
        0.06692098199999999,
        0.065223782,
        0.065684982,
        0.065511882,
        0.066503382,
        0.066066182,
        0.066372382,
        0.06555478199999999,
        0.06679268199999999,
        0.066493182,
        0.06632638199999999,
        0.06727908199999999,
        0.062969282,
        0.063116982,
        0.062322482000000005
      ],
      "exit_codes": [
        0,
        0,
        0,
        0,
        0,
        0,
        0,
        0,
        0,
        0,
        0,
        0,
        0,
        0,
        0
      ]
    }
  ]
}
