{
  "results": [
    {
      "command": "C:\\Users\\test\\Documents\\research\\research\\artifacts\\installed2\\python\\python.exe C:\\Users\\test\\Documents\\research\\research\\system\\are-we-fast-yet\\benchmarks\\Python\\harness.py DeltaBlue 10 15",
      "mean": 0.07831081000000001,
      "stddev": 0.005795153399906206,
      "median": 0.07588549,
      "user": 0.055937499999999994,
      "system": 0.020499999999999997,
      "min": 0.07285989,
      "max": 0.09098709,
      "times": [
        0.07572289,
        0.08411459,
        0.09098709,
        0.07604809,
        0.07368989000000001,
        0.08118989,
        0.07304009,
        0.07285989,
        0.07975889,
        0.07569679
      ],
      "exit_codes": [
        0,
        0,
        0,
        0,
        0,
        0,
        0,
        0,
        0,
        0
      ]
    }
  ]
}
