{
  "results": [
    {
      "command": "C:\\Users\\test\\Documents\\research\\research\\artifacts\\installed\\python\\python.exe C:\\Users\\test\\Documents\\research\\research\\artifacts\\system\\are-we-fast-yet\\benchmarks\\Python\\harness.py DeltaBlue 10 15",
      "mean": 0.06746503266666667,
      "stddev": 0.002317973575797454,
      "median": 0.067004466,
      "user": 0.04322916666666666,
      "system": 0.0168125,
      "min": 0.06485526600000001,
      "max": 0.07215146600000001,
      "times": [
        0.06517096600000001,
        0.068477666,
        0.06624376600000001,
        0.06485526600000001,
        0.068899466,
        0.067004466,
        0.06529786600000001,
        0.066362766,
        0.06589976600000001,
        0.06809996600000001,
        0.070041566,
        0.07215146600000001,
        0.071363166,
        0.065100666,
        0.067006666
      ],
      "exit_codes": [
        0,
        0,
        0,
        0,
        0,
        0,
        0,
        0,
        0,
        0,
        0,
        0,
        0,
        0,
        0
      ]
    }
  ]
}
