{
  "results": [
    {
      "command": "C:\\Users\\test\\Documents\\research\\research\\artifacts\\installed2\\python\\python.exe C:\\Users\\test\\Documents\\research\\research\\system\\are-we-fast-yet\\benchmarks\\Python\\harness.py Json 10 15",
      "mean": 5.280794752,
      "stddev": 0.4150547569588632,
      "median": 5.1939787420000005,
      "user": 5.2209375,
      "system": 0.032999999999999995,
      "min": 4.740670642,
      "max": 5.945325442000001,
      "times": [
        4.740670642,
        4.783850242000001,
        5.597719942,
        5.1213953420000005,
        5.625764942,
        5.695513342000001,
        5.177376142000001,
        5.945325442000001,
        5.210581342,
        4.909750142
      ],
      "exit_codes": [
        0,
        0,
        0,
        0,
        0,
        0,
        0,
        0,
        0,
        0
      ]
    }
  ]
}
