{
  "results": [
    {
      "command": "C:\\Users\\test\\Documents\\research\\research\\artifacts\\installed\\python\\python.exe C:\\Users\\test\\Documents\\research\\research\\artifacts\\system\\are-we-fast-yet\\benchmarks\\Python\\harness.py List 10 15",
      "mean": 0.18249928133333337,
      "stddev": 0.00432744327609381,
      "median": 0.179910488,
      "user": 0.16916666666666663,
      "system": 0.012708333333333334,
      "min": 0.17787438800000002,
      "max": 0.18936458800000003,
      "times": [
        0.18936458800000003,
        0.18469548800000002,
        0.17787438800000002,
        0.178332388,
        0.18035798800000002,
        0.17890988800000002,
        0.186739588,
        0.179509988,
        0.187684388,
        0.17890918800000002,
        0.179651788,
        0.18719138800000001,
        0.17944388800000002,
        0.18891378800000003,
        0.179910488
      ],
      "exit_codes": [
        0,
        0,
        0,
        0,
        0,
        0,
        0,
        0,
        0,
        0,
        0,
        0,
        0,
        0,
        0
      ]
    }
  ]
}
