{
  "results": [
    {
      "command": "C:\\Users\\test\\Documents\\research\\research\\artifacts\\installed\\python\\python.exe C:\\Users\\test\\Documents\\research\\research\\artifacts\\system\\are-we-fast-yet\\benchmarks\\Python\\harness.py List 10 15",
      "mean": 0.32278797200000003,
      "stddev": 0.009084373520753725,
      "median": 0.32201679200000005,
      "user": 0.2984375,
      "system": 0.017354166666666667,
      "min": 0.31052429200000004,
      "max": 0.339269892,
      "times": [
        0.321337892,
        0.319309092,
        0.324675492,
        0.31052429200000004,
        0.32201679200000005,
        0.31269019200000003,
        0.330229192,
        0.31358229200000004,
        0.329995792,
        0.339269892,
        0.33165169200000005,
        0.313299592,
        0.33063579200000004,
        0.33095239200000004,
        0.311649192
      ],
      "exit_codes": [
        0,
        0,
        0,
        0,
        0,
        0,
        0,
        0,
        0,
        0,
        0,
        0,
        0,
        0,
        0
      ]
    }
  ]
}
