{
  "results": [
    {
      "command": "C:\\Users\\test\\Documents\\research\\research\\artifacts\\installed\\python\\python.exe C:\\Users\\test\\Documents\\research\\research\\artifacts\\system\\are-we-fast-yet\\benchmarks\\Python\\harness.py Permute 10 15",
      "mean": 0.8843912899999999,
      "stddev": 0.020011944109449092,
      "median": 0.88253223,
      "user": 0.8643749999999998,
      "system": 0.015541666666666669,
      "min": 0.8625570300000001,
      "max": 0.93486463,
      "times": [
        0.91898683,
        0.88299513,
        0.86651863,
        0.86726643,
        0.8755237300000001,
        0.88253223,
        0.89293813,
        0.8625570300000001,
        0.86522713,
        0.88033893,
        0.87214103,
        0.93486463,
        0.88740363,
        0.89290143,
        0.88367443
      ],
      "exit_codes": [
        0,
        0,
        0,
        0,
        0,
        0,
        0,
        0,
        0,
        0,
        0,
        0,
        0,
        0,
        0
      ]
    }
  ]
}
