{
  "results": [
    {
      "command": "C:\\Users\\test\\Documents\\research\\research\\artifacts\\installed2\\python\\python.exe C:\\Users\\test\\Documents\\research\\research\\system\\are-we-fast-yet\\benchmarks\\Python\\harness.py Json 10 15",
      "mean": 5.243919594,
      "stddev": 0.35258927853310845,
      "median": 5.227592624,
      "user": 5.176250000000001,
      "system": 0.031249999999999993,
      "min": 4.822866924,
      "max": 5.858403924,
      "times": [
        4.978752824,
        4.911586424,
        5.062455924,
        5.550034424,
        5.858403924,
        5.392729324,
        5.4664542240000005,
        5.498547924,
        4.822866924,
        4.897364024
      ],
      "exit_codes": [
        0,
        0,
        0,
        0,
        0,
        0,
        0,
        0,
        0,
        0
      ]
    }
  ]
}
