{
  "results": [
    {
      "command": "C:\\Users\\test\\Documents\\research\\research\\artifacts\\installed2\\python\\python.exe C:\\Users\\test\\Documents\\research\\research\\system\\are-we-fast-yet\\benchmarks\\Python\\harness.py Json 10 15",
      "mean": 4.01641912,
      "stddev": 0.19568809171594,
      "median": 4.087775649999999,
      "user": 3.9875,
      "system": 0.0196875,
      "min": 3.5963088,
      "max": 4.2065182,
      "times": [
        3.814135,
        3.5963088,
        4.1259919,
        4.195416499999999,
        3.9890785,
        3.8976235,
        4.1010598,
        4.163567499999999,
        4.0744915,
        4.2065182
      ],
      "exit_codes": [
        0,
        0,
        0,
        0,
        0,
        0,
        0,
        0,
        0,
        0
      ]
    }
  ]
}
