{
  "results": [
    {
      "command": "C:\\Users\\test\\Documents\\research\\research\\artifacts\\installed\\python\\python.exe C:\\Users\\test\\Documents\\research\\research\\artifacts\\system\\are-we-fast-yet\\benchmarks\\Python\\harness.py Sieve 10 15",
      "mean": 0.27747645,
      "stddev": 0.01874518206076278,
      "median": 0.27537619,
      "user": 0.2468750000000001,
      "system": 0.022833333333333334,
      "min": 0.25650369000000006,
      "max": 0.33661979000000003,
      "times": [
        0.27020089,
        0.27537619,
        0.25650369000000006,
        0.26305299000000004,
        0.26507069000000005,
        0.26735349,
        0.28030559000000005,
        0.33661979000000003,
        0.29485759000000006,
        0.27674439000000006,
        0.27876699000000005,
        0.28099719000000006,
        0.27014159000000004,
        0.26846289000000007,
        0.27769279
      ],
      "exit_codes": [
        0,
        0,
        0,
        0,
        0,
        0,
        0,
        0,
        0,
        0,
        0,
        0,
        0,
        0,
        0
      ]
    }
  ]
}
