{
  "results": [
    {
      "command": "C:\\Users\\test\\Documents\\research\\research\\artifacts\\installed2\\python\\python.exe C:\\Users\\test\\Documents\\research\\research\\system\\are-we-fast-yet\\benchmarks\\Python\\harness.py DeltaBlue 10 15",
      "mean": 0.061704214000000014,
      "stddev": 0.004373298308307415,
      "median": 0.05973198400000001,
      "user": 0.04,
      "system": 0.01703125,
      "min": 0.05832228400000001,
      "max": 0.07178788400000002,
      "times": [
        0.05832228400000001,
        0.058383884000000004,
        0.06569038400000002,
        0.06011078400000001,
        0.06261418400000002,
        0.07178788400000002,
        0.05935318400000001,
        0.06361008400000001,
        0.05881988400000001,
        0.058349584
      ],
      "exit_codes": [
        0,
        0,
        0,
        0,
        0,
        0,
        0,
        0,
        0,
        0
      ]
    }
  ]
}
