{
  "results": [
    {
      "command": "C:\\Users\\test\\Documents\\research\\research\\artifacts\\installed\\python\\python.exe C:\\Users\\test\\Documents\\research\\research\\artifacts\\system\\are-we-fast-yet\\benchmarks\\Python\\harness.py DeltaBlue 10 15",
      "mean": 0.058198320666666685,
      "stddev": 0.0014125789594449812,
      "median": 0.05769995400000001,
      "user": 0.03739583333333333,
      "system": 0.01991666666666667,
      "min": 0.056684154,
      "max": 0.061141254000000006,
      "times": [
        0.05769995400000001,
        0.05757935400000001,
        0.058001754,
        0.056684154,
        0.05792915400000001,
        0.058628754000000005,
        0.057347354,
        0.060339054,
        0.057903354000000004,
        0.057455554000000006,
        0.057254254000000004,
        0.060807754000000006,
        0.057134054000000004,
        0.061141254000000006,
        0.05706905400000001
      ],
      "exit_codes": [
        0,
        0,
        0,
        0,
        0,
        0,
        0,
        0,
        0,
        0,
        0,
        0,
        0,
        0,
        0
      ]
    }
  ]
}
