{
  "results": [
    {
      "command": "C:\\Users\\test\\Documents\\research\\research\\artifacts\\installed\\python\\python.exe C:\\Users\\test\\Documents\\research\\research\\artifacts\\system\\are-we-fast-yet\\benchmarks\\Python\\harness.py Towers 10 15",
      "mean": 0.6030218986666666,
      "stddev": 0.021642937564990916,
      "median": 0.599372592,
      "user": 0.5867708333333334,
      "system": 0.017083333333333336,
      "min": 0.576173492,
      "max": 0.652958492,
      "times": [
        0.6026838919999999,
        0.606171092,
        0.613188992,
        0.639842292,
        0.576173492,
        0.652958492,
        0.591687992,
        0.589367092,
        0.579993192,
        0.598934692,
        0.592079192,
        0.599372592,
        0.600031092,
        0.580623992,
        0.622220392
      ],
      "exit_codes": [
        0,
        0,
        0,
        0,
        0,
        0,
        0,
        0,
        0,
        0,
        0,
        0,
        0,
        0,
        0
      ]
    }
  ]
}
