{
  "results": [
    {
      "command": "C:\\Users\\test\\Documents\\research\\research\\artifacts\\installed2\\python\\python.exe C:\\Users\\test\\Documents\\research\\research\\system\\are-we-fast-yet\\benchmarks\\Python\\harness.py DeltaBlue 10 15",
      "mean": 0.06697686000000001,
      "stddev": 0.004251377457052395,
      "median": 0.06682998,
      "user": 0.043750000000000004,
      "system": 0.0195,
      "min": 0.06143503000000001,
      "max": 0.07503942999999999,
      "times": [
        0.06958033,
        0.06768553,
        0.06577673,
        0.07503942999999999,
        0.07021633,
        0.06259053,
        0.06597443,
        0.06922853000000001,
        0.06143503000000001,
        0.06224173
      ],
      "exit_codes": [
        0,
        0,
        0,
        0,
        0,
        0,
        0,
        0,
        0,
        0
      ]
    }
  ]
}
