{
  "results": [
    {
      "command": "C:\\Users\\test\\Documents\\research\\research\\artifacts\\installed\\python\\python.exe C:\\Users\\test\\Documents\\research\\research\\artifacts\\system\\are-we-fast-yet\\benchmarks\\Python\\harness.py DeltaBlue 10 15",
      "mean": 0.06745309733333334,
      "stddev": 0.0035217321843633922,
      "median": 0.066341144,
      "user": 0.04604166666666667,
      "system": 0.014958333333333332,
      "min": 0.064210344,
      "max": 0.075759344,
      "times": [
        0.074862044,
        0.06876884400000001,
        0.068403244,
        0.06769884400000001,
        0.06848164400000001,
        0.06512894400000001,
        0.064598944,
        0.065750444,
        0.06648794400000001,
        0.066341144,
        0.075759344,
        0.064210344,
        0.065407844,
        0.064685844,
        0.06521104400000001
      ],
      "exit_codes": [
        0,
        0,
        0,
        0,
        0,
        0,
        0,
        0,
        0,
        0,
        0,
        0,
        0,
        0,
        0
      ]
    }
  ]
}
