{
  "results": [
    {
      "command": "C:\\Users\\test\\Documents\\research\\research\\artifacts\\installed\\python\\python.exe C:\\Users\\test\\Documents\\research\\research\\artifacts\\system\\are-we-fast-yet\\benchmarks\\Python\\harness.py Storage 10 15",
      "mean": 0.6513607973333335,
      "stddev": 0.00991522288391993,
      "median": 0.648846604,
      "user": 0.6217708333333334,
      "system": 0.023020833333333327,
      "min": 0.6405031040000001,
      "max": 0.6730385040000001,
      "times": [
        0.6636464040000001,
        0.6730385040000001,
        0.6653743040000001,
        0.6594974040000001,
        0.6450966040000001,
        0.653108804,
        0.6461481040000001,
        0.6441039040000001,
        0.648846604,
        0.6435985040000001,
        0.649721304,
        0.6405031040000001,
        0.6426349040000001,
        0.6412856040000001,
        0.6538079040000001
      ],
      "exit_codes": [
        0,
        0,
        0,
        0,
        0,
        0,
        0,
        0,
        0,
        0,
        0,
        0,
        0,
        0,
        0
      ]
    }
  ]
}
