{
  "results": [
    {
      "command": "C:\\Users\\test\\Documents\\research\\research\\artifacts\\installed\\python\\python.exe C:\\Users\\test\\Documents\\research\\research\\artifacts\\system\\are-we-fast-yet\\benchmarks\\Python\\harness.py Bounce 10 15",
      "mean": 0.4157864113333334,
      "stddev": 0.03306681129241796,
      "median": 0.40748485800000006,
      "user": 0.39572916666666674,
      "system": 0.012916666666666665,
      "min": 0.39556645800000007,
      "max": 0.530601558,
      "times": [
        0.40855225800000006,
        0.400535758,
        0.400989658,
        0.43068195800000003,
        0.4173112580000001,
        0.415589458,
        0.413894558,
        0.401111158,
        0.40748485800000006,
        0.40518595800000007,
        0.41039115800000003,
        0.39556645800000007,
        0.40300265800000007,
        0.39589745800000004,
        0.530601558
      ],
      "exit_codes": [
        0,
        0,
        0,
        0,
        0,
        0,
        0,
        0,
        0,
        0,
        0,
        0,
        0,
        0,
        0
      ]
    }
  ]
}
