{
  "results": [
    {
      "command": "C:\\Users\\test\\Documents\\research\\research\\artifacts\\installed2\\python\\python.exe C:\\Users\\test\\Documents\\research\\research\\system\\are-we-fast-yet\\benchmarks\\Python\\harness.py Json 10 15",
      "mean": 5.696784431999999,
      "stddev": 0.9952811192969425,
      "median": 5.529899102,
      "user": 5.509375000000001,
      "system": 0.03924999999999999,
      "min": 4.587711752,
      "max": 7.699371852,
      "times": [
        7.699371852,
        5.724290552,
        4.908428952,
        6.013814152,
        7.022656852,
        5.534076952,
        5.525721252,
        5.198405752,
        4.753366252,
        4.587711752
      ],
      "exit_codes": [
        0,
        0,
        0,
        0,
        0,
        0,
        0,
        0,
        0,
        0
      ]
    }
  ]
}
