{
  "results": [
    {
      "command": "C:\\Users\\test\\Documents\\research\\research\\artifacts\\installed\\python\\python.exe C:\\Users\\test\\Documents\\research\\research\\artifacts\\system\\are-we-fast-yet\\benchmarks\\Python\\harness.py Json 10 15",
      "mean": 5.063432097333334,
      "stddev": 0.09173304912895477,
      "median": 5.035393964,
      "user": 4.996562499999998,
      "system": 0.04333333333333333,
      "min": 4.895446263999999,
      "max": 5.217631964,
      "times": [
        5.024195764,
        5.035393964,
        5.161510163999999,
        5.194273364,
        5.1295061639999995,
        5.100560563999999,
        5.0093142639999995,
        4.895446263999999,
        5.045755364,
        5.151510564,
        4.974386064,
        4.977251364,
        5.217631964,
        5.031612964,
        5.003132664
      ],
      "exit_codes": [
        0,
        0,
        0,
        0,
        0,
        0,
        0,
        0,
        0,
        0,
        0,
        0,
        0,
        0,
        0
      ]
    }
  ]
}
