{
  "results": [
    {
      "command": "C:\\Users\\test\\Documents\\research\\research\\artifacts\\installed\\python\\python.exe C:\\Users\\test\\Documents\\research\\research\\artifacts\\system\\are-we-fast-yet\\benchmarks\\Python\\harness.py Towers 10 15",
      "mean": 1.182854468,
      "stddev": 0.09217393991174049,
      "median": 1.151505088,
      "user": 1.1588541666666667,
      "system": 0.017270833333333336,
      "min": 1.122758188,
      "max": 1.502761288,
      "times": [
        1.171514488,
        1.502761288,
        1.176710888,
        1.212618788,
        1.2097729879999999,
        1.179591388,
        1.139937988,
        1.151505088,
        1.135471388,
        1.154449088,
        1.148890288,
        1.142581788,
        1.147037288,
        1.122758188,
        1.147216088
      ],
      "exit_codes": [
        0,
        0,
        0,
        0,
        0,
        0,
        0,
        0,
        0,
        0,
        0,
        0,
        0,
        0,
        0
      ]
    }
  ]
}
