{
  "results": [
    {
      "command": "C:\\Users\\test\\Documents\\research\\research\\artifacts\\installed\\python\\python.exe C:\\Users\\test\\Documents\\research\\research\\artifacts\\system\\are-we-fast-yet\\benchmarks\\Python\\harness.py Sieve 10 15",
      "mean": 0.2217063413333333,
      "stddev": 0.005420192787381365,
      "median": 0.223380208,
      "user": 0.19687500000000002,
      "system": 0.018854166666666665,
      "min": 0.214515508,
      "max": 0.22908140800000001,
      "times": [
        0.219282408,
        0.215175008,
        0.223284708,
        0.214515508,
        0.224730908,
        0.22612010800000001,
        0.21486670800000002,
        0.228916208,
        0.215066808,
        0.224826508,
        0.224544308,
        0.223380208,
        0.21538790800000002,
        0.226416408,
        0.22908140800000001
      ],
      "exit_codes": [
        0,
        0,
        0,
        0,
        0,
        0,
        0,
        0,
        0,
        0,
        0,
        0,
        0,
        0,
        0
      ]
    }
  ]
}
