{
  "results": [
    {
      "command": "C:\\Users\\test\\Documents\\research\\research\\artifacts\\installed\\python\\python.exe C:\\Users\\test\\Documents\\research\\research\\artifacts\\system\\are-we-fast-yet\\benchmarks\\Python\\harness.py Towers 10 15",
      "mean": 1.5303488753333336,
      "stddev": 0.16490608907741944,
      "median": 1.4910739220000002,
      "user": 1.446041666666667,
      "system": 0.033875,
      "min": 1.373644322,
      "max": 2.082608622,
      "times": [
        1.373644322,
        1.4742315220000002,
        1.5133036220000002,
        1.479098822,
        1.4476728220000001,
        1.589056822,
        1.5551433220000002,
        1.4542191220000003,
        1.6096084220000002,
        1.433081422,
        1.4280502220000002,
        1.5133405220000002,
        2.082608622,
        1.5110996220000001,
        1.4910739220000002
      ],
      "exit_codes": [
        0,
        0,
        0,
        0,
        0,
        0,
        0,
        0,
        0,
        0,
        0,
        0,
        0,
        0,
        0
      ]
    }
  ]
}
