{
  "results": [
    {
      "command": "C:\\Users\\test\\Documents\\research\\research\\artifacts\\installed\\python\\python.exe C:\\Users\\test\\Documents\\research\\research\\artifacts\\system\\are-we-fast-yet\\benchmarks\\Python\\harness.py Towers 10 15",
      "mean": 0.9640534713333333,
      "stddev": 0.013825426818028659,
      "median": 0.9644044780000001,
      "user": 0.9395833333333331,
      "system": 0.022083333333333337,
      "min": 0.9409825780000001,
      "max": 0.9977748779999999,
      "times": [
        0.952893478,
        0.951001478,
        0.9742536780000001,
        0.965753878,
        0.971773578,
        0.9644044780000001,
        0.958523178,
        0.963762078,
        0.9409825780000001,
        0.9737769780000001,
        0.951852178,
        0.9977748779999999,
        0.951371278,
        0.969934278,
        0.9727440780000001
      ],
      "exit_codes": [
        0,
        0,
        0,
        0,
        0,
        0,
        0,
        0,
        0,
        0,
        0,
        0,
        0,
        0,
        0
      ]
    }
  ]
}
