{
  "results": [
    {
      "command": "C:\\Users\\test\\Documents\\research\\research\\artifacts\\installed\\python\\python.exe C:\\Users\\test\\Documents\\research\\research\\artifacts\\system\\are-we-fast-yet\\benchmarks\\Python\\harness.py Json 10 15",
      "mean": 3.5612844753333333,
      "stddev": 0.28788917898291017,
      "median": 3.4073409220000004,
      "user": 3.539270833333334,
      "system": 0.020708333333333336,
      "min": 3.333472222,
      "max": 4.288421422,
      "times": [
        3.7477118220000003,
        3.6870041220000003,
        3.5918729220000003,
        3.3548045220000002,
        3.370229922,
        3.6522956220000005,
        4.0596671220000005,
        3.3399032220000002,
        3.3898536220000004,
        3.3340417220000003,
        4.288421422,
        3.333472222,
        3.4073409220000004,
        3.381927322,
        3.480720622
      ],
      "exit_codes": [
        0,
        0,
        0,
        0,
        0,
        0,
        0,
        0,
        0,
        0,
        0,
        0,
        0,
        0,
        0
      ]
    }
  ]
}
