{
  "results": [
    {
      "command": "C:\\Users\\test\\Documents\\research\\research\\artifacts\\installed\\python\\python.exe C:\\Users\\test\\Documents\\research\\research\\artifacts\\system\\are-we-fast-yet\\benchmarks\\Python\\harness.py Permute 10 15",
      "mean": 0.870020462,
      "stddev": 0.016648878546882892,
      "median": 0.866212682,
      "user": 0.8444791666666663,
      "system": 0.019395833333333334,
      "min": 0.850377882,
      "max": 0.915444782,
      "times": [
        0.869116982,
        0.851023282,
        0.880164982,
        0.865502782,
        0.856414082,
        0.866212682,
        0.862124382,
        0.858246382,
        0.866174082,
        0.915444782,
        0.892219682,
        0.8709109820000001,
        0.876128582,
        0.870245382,
        0.850377882
      ],
      "exit_codes": [
        0,
        0,
        0,
        0,
        0,
        0,
        0,
        0,
        0,
        0,
        0,
        0,
        0,
        0,
        0
      ]
    }
  ]
}
