{
  "results": [
    {
      "command": "C:\\Users\\test\\Documents\\research\\research\\artifacts\\installed2\\python\\python.exe C:\\Users\\test\\Documents\\research\\research\\system\\are-we-fast-yet\\benchmarks\\Python\\harness.py Json 10 15",
      "mean": 4.241382364000001,
      "stddev": 0.2368777921020856,
      "median": 4.208577924,
      "user": 4.18625,
      "system": 0.0430625,
      "min": 3.914889674,
      "max": 4.598690274000001,
      "times": [
        4.090450274,
        4.004004174,
        3.914889674,
        4.175084474,
        4.528530674000001,
        4.262939674,
        4.598690274000001,
        4.519654174,
        4.077508874,
        4.242071374
      ],
      "exit_codes": [
        0,
        0,
        0,
        0,
        0,
        0,
        0,
        0,
        0,
        0
      ]
    }
  ]
}
