{
  "results": [
    {
      "command": "C:\\Users\\test\\Documents\\research\\research\\artifacts\\installed\\python\\python.exe C:\\Users\\test\\Documents\\research\\research\\artifacts\\system\\are-we-fast-yet\\benchmarks\\Python\\harness.py Bounce 10 15",
      "mean": 0.4383707146666667,
      "stddev": 0.02538288855998035,
      "median": 0.43207316800000006,
      "user": 0.41062499999999996,
      "system": 0.020458333333333335,
      "min": 0.40531296800000005,
      "max": 0.5031293680000001,
      "times": [
        0.420031468,
        0.44830256800000007,
        0.43536676800000007,
        0.43351996800000003,
        0.42760996800000006,
        0.48153826800000005,
        0.5031293680000001,
        0.426019868,
        0.44150636800000004,
        0.42593356800000004,
        0.42802636800000005,
        0.43207316800000006,
        0.41387846800000005,
        0.45331156800000005,
        0.40531296800000005
      ],
      "exit_codes": [
        0,
        0,
        0,
        0,
        0,
        0,
        0,
        0,
        0,
        0,
        0,
        0,
        0,
        0,
        0
      ]
    }
  ]
}
