{
  "results": [
    {
      "command": "C:\\Users\\test\\Documents\\research\\research\\artifacts\\installed\\python\\python.exe C:\\Users\\test\\Documents\\research\\research\\artifacts\\system\\are-we-fast-yet\\benchmarks\\Python\\harness.py Storage 10 15",
      "mean": 0.655055848,
      "stddev": 0.03214007376806806,
      "median": 0.644092008,
      "user": 0.6234374999999999,
      "system": 0.018666666666666668,
      "min": 0.6349830080000001,
      "max": 0.762701308,
      "times": [
        0.643646208,
        0.6529963080000001,
        0.6373468080000001,
        0.6404675080000001,
        0.762701308,
        0.685558808,
        0.655624108,
        0.641885708,
        0.642607408,
        0.644131808,
        0.6544131080000001,
        0.644092008,
        0.6410180080000001,
        0.6443656080000001,
        0.6349830080000001
      ],
      "exit_codes": [
        0,
        0,
        0,
        0,
        0,
        0,
        0,
        0,
        0,
        0,
        0,
        0,
        0,
        0,
        0
      ]
    }
  ]
}
