{
  "results": [
    {
      "command": "C:\\Users\\test\\Documents\\research\\research\\artifacts\\installed\\python\\python.exe C:\\Users\\test\\Documents\\research\\research\\artifacts\\system\\are-we-fast-yet\\benchmarks\\Python\\harness.py Bounce 10 15",
      "mean": 0.5043506526666667,
      "stddev": 0.04296952528762792,
      "median": 0.486441866,
      "user": 0.4738541666666668,
      "system": 0.02229166666666667,
      "min": 0.46773366600000005,
      "max": 0.6082920660000001,
      "times": [
        0.48833886600000004,
        0.48527936600000005,
        0.49899516600000005,
        0.47444766600000005,
        0.507869266,
        0.48832146600000004,
        0.47515966600000004,
        0.6082920660000001,
        0.592419166,
        0.5438095660000001,
        0.481706366,
        0.483923466,
        0.48252216600000003,
        0.486441866,
        0.46773366600000005
      ],
      "exit_codes": [
        0,
        0,
        0,
        0,
        0,
        0,
        0,
        0,
        0,
        0,
        0,
        0,
        0,
        0,
        0
      ]
    }
  ]
}
