{
  "results": [
    {
      "command": "C:\\Users\\test\\Documents\\research\\research\\artifacts\\installed\\python\\python.exe C:\\Users\\test\\Documents\\research\\research\\artifacts\\system\\are-we-fast-yet\\benchmarks\\Python\\harness.py Storage 10 15",
      "mean": 0.5809315966666667,
      "stddev": 0.015078989014920562,
      "median": 0.57945447,
      "user": 0.5583333333333335,
      "system": 0.015229166666666667,
      "min": 0.5660360700000001,
      "max": 0.62983887,
      "times": [
        0.62983887,
        0.5782093700000001,
        0.5865678700000001,
        0.5811027700000001,
        0.58116087,
        0.57340807,
        0.5660360700000001,
        0.57945447,
        0.58510837,
        0.58617797,
        0.5832472700000001,
        0.5739823700000001,
        0.57034247,
        0.5678038700000001,
        0.5715332700000001
      ],
      "exit_codes": [
        0,
        0,
        0,
        0,
        0,
        0,
        0,
        0,
        0,
        0,
        0,
        0,
        0,
        0,
        0
      ]
    }
  ]
}
