{
  "results": [
    {
      "command": "C:\\Users\\test\\Documents\\research\\research\\artifacts\\installed\\python\\python.exe C:\\Users\\test\\Documents\\research\\research\\artifacts\\system\\are-we-fast-yet\\benchmarks\\Python\\harness.py Storage 10 15",
      "mean": 0.5802137840000001,
      "stddev": 0.0193095588777461,
      "median": 0.5764855640000001,
      "user": 0.5547916666666669,
      "system": 0.017979166666666668,
      "min": 0.5622079640000001,
      "max": 0.645675964,
      "times": [
        0.5764855640000001,
        0.577122864,
        0.5807757640000001,
        0.572881364,
        0.590457564,
        0.5687928640000001,
        0.5622079640000001,
        0.572120764,
        0.570146964,
        0.577648764,
        0.572421164,
        0.579110364,
        0.645675964,
        0.573315364,
        0.5840434640000001
      ],
      "exit_codes": [
        0,
        0,
        0,
        0,
        0,
        0,
        0,
        0,
        0,
        0,
        0,
        0,
        0,
        0,
        0
      ]
    }
  ]
}
