{
  "results": [
    {
      "command": "C:\\Users\\test\\Documents\\research\\research\\artifacts\\installed\\python\\python.exe C:\\Users\\test\\Documents\\research\\research\\artifacts\\system\\are-we-fast-yet\\benchmarks\\Python\\harness.py Queens 10 15",
      "mean": 0.514976936,
      "stddev": 0.06135592744008174,
      "median": 0.494070596,
      "user": 0.49520833333333325,
      "system": 0.014708333333333332,
      "min": 0.471003196,
      "max": 0.7123093960000001,
      "times": [
        0.5228831960000001,
        0.494070596,
        0.7123093960000001,
        0.562416596,
        0.49829299600000004,
        0.471064696,
        0.471003196,
        0.49465529599999997,
        0.5536425960000001,
        0.482653496,
        0.48349799600000004,
        0.489595696,
        0.477492696,
        0.486803296,
        0.524272296
      ],
      "exit_codes": [
        0,
        0,
        0,
        0,
        0,
        0,
        0,
        0,
        0,
        0,
        0,
        0,
        0,
        0,
        0
      ]
    }
  ]
}
