{
  "results": [
    {
      "command": "C:\\Users\\test\\Documents\\research\\research\\artifacts\\installed\\python\\python.exe C:\\Users\\test\\Documents\\research\\research\\artifacts\\system\\are-we-fast-yet\\benchmarks\\Python\\harness.py Bounce 10 15",
      "mean": 0.390413218,
      "stddev": 0.00897004307516334,
      "median": 0.38827413800000005,
      "user": 0.3707291666666668,
      "system": 0.016583333333333332,
      "min": 0.37807363800000005,
      "max": 0.41439283800000004,
      "times": [
        0.37807363800000005,
        0.387108538,
        0.386180638,
        0.392967738,
        0.41439283800000004,
        0.382249638,
        0.39694403800000005,
        0.393771338,
        0.38398073800000004,
        0.38827413800000005,
        0.38486253800000003,
        0.382313438,
        0.39036053800000003,
        0.398838438,
        0.39588003800000005
      ],
      "exit_codes": [
        0,
        0,
        0,
        0,
        0,
        0,
        0,
        0,
        0,
        0,
        0,
        0,
        0,
        0,
        0
      ]
    }
  ]
}
