{
  "results": [
    {
      "command": "C:\\Users\\test\\Documents\\research\\research\\artifacts\\installed\\python\\python.exe C:\\Users\\test\\Documents\\research\\research\\artifacts\\system\\are-we-fast-yet\\benchmarks\\Python\\harness.py Queens 10 15",
      "mean": 0.38517909266666667,
      "stddev": 0.03063506186362442,
      "median": 0.370629826,
      "user": 0.3759375000000001,
      "system": 0.008166666666666666,
      "min": 0.358070926,
      "max": 0.46336362600000003,
      "times": [
        0.370629826,
        0.391102426,
        0.46336362600000003,
        0.360406226,
        0.36290932600000003,
        0.380589526,
        0.382222526,
        0.439356026,
        0.369283326,
        0.358070926,
        0.365500626,
        0.36762942600000004,
        0.391417626,
        0.409642226,
        0.365562726
      ],
      "exit_codes": [
        0,
        0,
        0,
        0,
        0,
        0,
        0,
        0,
        0,
        0,
        0,
        0,
        0,
        0,
        0
      ]
    }
  ]
}
