{
  "results": [
    {
      "command": "C:\\Users\\test\\Documents\\research\\research\\artifacts\\installed\\python\\python.exe C:\\Users\\test\\Documents\\research\\research\\artifacts\\system\\are-we-fast-yet\\benchmarks\\Python\\harness.py Sieve 10 15",
      "mean": 0.22275517000000003,
      "stddev": 0.007017758760459069,
      "median": 0.22264097000000002,
      "user": 0.19958333333333336,
      "system": 0.014958333333333332,
      "min": 0.21324397,
      "max": 0.23691057000000001,
      "times": [
        0.22161497000000002,
        0.23203817000000002,
        0.21324397,
        0.22378407000000003,
        0.21867067,
        0.21621827000000002,
        0.22365337000000002,
        0.22264097000000002,
        0.22181907,
        0.21536447000000003,
        0.22348707,
        0.22348127,
        0.23392507,
        0.21447557,
        0.23691057000000001
      ],
      "exit_codes": [
        0,
        0,
        0,
        0,
        0,
        0,
        0,
        0,
        0,
        0,
        0,
        0,
        0,
        0,
        0
      ]
    }
  ]
}
