{
  "results": [
    {
      "command": "C:\\Users\\test\\Documents\\research\\research\\artifacts\\installed\\python\\python.exe C:\\Users\\test\\Documents\\research\\research\\artifacts\\system\\are-we-fast-yet\\benchmarks\\Python\\harness.py DeltaBlue 10 15",
      "mean": 0.077744156,
      "stddev": 0.02197882131189673,
      "median": 0.070861176,
      "user": 0.04895833333333332,
      "system": 0.024166666666666666,
      "min": 0.059223576,
      "max": 0.13995547600000002,
      "times": [
        0.059967876,
        0.061607876000000006,
        0.104756676,
        0.05978317600000001,
        0.079854376,
        0.082011076,
        0.059509476000000006,
        0.06462617600000001,
        0.06627477600000001,
        0.13995547600000002,
        0.070861176,
        0.089051876,
        0.08445387600000001,
        0.084224876,
        0.059223576
      ],
      "exit_codes": [
        0,
        0,
        0,
        0,
        0,
        0,
        0,
        0,
        0,
        0,
        0,
        0,
        0,
        0,
        0
      ]
    }
  ]
}
