{
  "results": [
    {
      "command": "C:\\Users\\test\\Documents\\research\\research\\artifacts\\installed\\python\\python.exe C:\\Users\\test\\Documents\\research\\research\\artifacts\\system\\are-we-fast-yet\\benchmarks\\Python\\harness.py Queens 10 15",
      "mean": 0.359151182,
      "stddev": 0.017918314174880243,
      "median": 0.355333822,
      "user": 0.3408333333333333,
      "system": 0.017291666666666664,
      "min": 0.344982522,
      "max": 0.41756392200000003,
      "times": [
        0.354106022,
        0.35367822200000004,
        0.41756392200000003,
        0.35899082200000004,
        0.345639222,
        0.34719532200000003,
        0.366066422,
        0.34714372200000004,
        0.35547732200000004,
        0.347248522,
        0.355333822,
        0.36535912200000004,
        0.344982522,
        0.35928782200000003,
        0.36919492200000004
      ],
      "exit_codes": [
        0,
        0,
        0,
        0,
        0,
        0,
        0,
        0,
        0,
        0,
        0,
        0,
        0,
        0,
        0
      ]
    }
  ]
}
