{
  "results": [
    {
      "command": "C:\\Users\\test\\Documents\\research\\research\\artifacts\\installed\\python\\python.exe C:\\Users\\test\\Documents\\research\\research\\artifacts\\system\\are-we-fast-yet\\benchmarks\\Python\\harness.py DeltaBlue 10 15",
      "mean": 0.12684515333333332,
      "stddev": 0.026026799888545286,
      "median": 0.13347954,
      "user": 0.05958333333333333,
      "system": 0.03275000000000001,
      "min": 0.08200544000000001,
      "max": 0.18795274,
      "times": [
        0.08200544000000001,
        0.14274114000000002,
        0.18795274,
        0.13937394,
        0.13668234,
        0.13347954,
        0.13623634,
        0.13297444,
        0.09841884000000001,
        0.09524584000000003,
        0.11957114000000002,
        0.14472234,
        0.13532284,
        0.11827474000000002,
        0.09967564000000001
      ],
      "exit_codes": [
        0,
        0,
        0,
        0,
        0,
        0,
        0,
        0,
        0,
        0,
        0,
        0,
        0,
        0,
        0
      ]
    }
  ]
}
