{
  "results": [
    {
      "command": "C:\\Users\\test\\Documents\\research\\research\\artifacts\\installed\\python\\python.exe C:\\Users\\test\\Documents\\research\\research\\artifacts\\system\\are-we-fast-yet\\benchmarks\\Python\\harness.py Towers 10 15",
      "mean": 0.9172781793333334,
      "stddev": 0.01729257685934578,
      "median": 0.913877186,
      "user": 0.90125,
      "system": 0.010062500000000002,
      "min": 0.8946143860000001,
      "max": 0.9610464860000001,
      "times": [
        0.906448986,
        0.9256646860000001,
        0.9610464860000001,
        0.9096089860000001,
        0.924856286,
        0.898928386,
        0.8946143860000001,
        0.9266817860000001,
        0.913877186,
        0.928211686,
        0.925581886,
        0.902312486,
        0.9314731860000001,
        0.8979391860000001,
        0.911927086
      ],
      "exit_codes": [
        0,
        0,
        0,
        0,
        0,
        0,
        0,
        0,
        0,
        0,
        0,
        0,
        0,
        0,
        0
      ]
    }
  ]
}
