{
  "results": [
    {
      "command": "C:\\Users\\test\\Documents\\research\\research\\artifacts\\installed\\python\\python.exe C:\\Users\\test\\Documents\\research\\research\\artifacts\\system\\are-we-fast-yet\\benchmarks\\Python\\harness.py List 10 15",
      "mean": 0.2793349073333333,
      "stddev": 0.004793073848178768,
      "median": 0.280514054,
      "user": 0.25749999999999995,
      "system": 0.015645833333333335,
      "min": 0.27140135400000004,
      "max": 0.287140654,
      "times": [
        0.280514054,
        0.274611954,
        0.27729705400000004,
        0.281288054,
        0.27534325400000004,
        0.28372125400000003,
        0.277150654,
        0.281651554,
        0.274277054,
        0.27140135400000004,
        0.283694854,
        0.28518445400000003,
        0.287140654,
        0.28285295400000005,
        0.273894454
      ],
      "exit_codes": [
        0,
        0,
        0,
        0,
        0,
        0,
        0,
        0,
        0,
        0,
        0,
        0,
        0,
        0,
        0
      ]
    }
  ]
}
