{
  "results": [
    {
      "command": "C:\\Users\\test\\Documents\\research\\research\\artifacts\\installed\\python\\python.exe C:\\Users\\test\\Documents\\research\\research\\artifacts\\system\\are-we-fast-yet\\benchmarks\\Python\\harness.py Permute 10 15",
      "mean": 0.9342323159999999,
      "stddev": 0.07302417718185429,
      "median": 0.9034448760000001,
      "user": 0.9098958333333331,
      "system": 0.017083333333333332,
      "min": 0.8879959760000001,
      "max": 1.1780610759999999,
      "times": [
        0.9034448760000001,
        0.9433014760000001,
        1.1780610759999999,
        0.9447896760000001,
        0.8950671760000001,
        0.8879959760000001,
        0.8955538760000001,
        0.9162375760000001,
        0.8907188760000001,
        0.9019893760000001,
        0.8883758760000001,
        0.9494153760000001,
        0.981453776,
        0.9355855760000001,
        0.901494176
      ],
      "exit_codes": [
        0,
        0,
        0,
        0,
        0,
        0,
        0,
        0,
        0,
        0,
        0,
        0,
        0,
        0,
        0
      ]
    }
  ]
}
