{
  "results": [
    {
      "command": "C:\\Users\\test\\Documents\\research\\research\\artifacts\\installed\\python\\python.exe C:\\Users\\test\\Documents\\research\\research\\artifacts\\system\\are-we-fast-yet\\benchmarks\\Python\\harness.py Permute 10 15",
      "mean": 0.49805838,
      "stddev": 0.016738915097196178,
      "median": 0.49542774000000006,
      "user": 0.4811458333333335,
      "system": 0.011604166666666667,
      "min": 0.47559274,
      "max": 0.54042744,
      "times": [
        0.49915254000000003,
        0.48697534000000003,
        0.4903958400000001,
        0.49335094000000007,
        0.48716724000000006,
        0.52987454,
        0.49625554,
        0.5051336399999999,
        0.47559274,
        0.4990286400000001,
        0.48593594000000007,
        0.48924944000000004,
        0.54042744,
        0.49542774000000006,
        0.49690814
      ],
      "exit_codes": [
        0,
        0,
        0,
        0,
        0,
        0,
        0,
        0,
        0,
        0,
        0,
        0,
        0,
        0,
        0
      ]
    }
  ]
}
