{
  "results": [
    {
      "command": "C:\\Users\\test\\Documents\\research\\research\\artifacts\\installed2\\python\\python.exe C:\\Users\\test\\Documents\\research\\research\\system\\are-we-fast-yet\\benchmarks\\Python\\harness.py DeltaBlue 10 15",
      "mean": 0.08598435600000001,
      "stddev": 0.006710351930537373,
      "median": 0.08589115600000001,
      "user": 0.0546875,
      "system": 0.0334375,
      "min": 0.07583990600000001,
      "max": 0.09760870600000002,
      "times": [
        0.088179706,
        0.08516310600000002,
        0.08673230600000001,
        0.08481370600000002,
        0.09760870600000002,
        0.094595806,
        0.07583990600000001,
        0.07722520600000002,
        0.083065906,
        0.086619206
      ],
      "exit_codes": [
        0,
        0,
        0,
        0,
        0,
        0,
        0,
        0,
        0,
        0
      ]
    }
  ]
}
