{
  "results": [
    {
      "command": "C:\\Users\\test\\Documents\\research\\research\\artifacts\\installed\\python\\python.exe C:\\Users\\test\\Documents\\research\\research\\artifacts\\system\\are-we-fast-yet\\benchmarks\\Python\\harness.py DeltaBlue 10 15",
      "mean": 0.06695218933333334,
      "stddev": 0.002324332011219772,
      "median": 0.06634353600000001,
      "user": 0.045104166666666674,
      "system": 0.013916666666666664,
      "min": 0.06495563600000001,
      "max": 0.073875936,
      "times": [
        0.066475536,
        0.06533873600000001,
        0.06693863600000001,
        0.065732336,
        0.068817736,
        0.06634353600000001,
        0.065789436,
        0.065597636,
        0.065439436,
        0.073875936,
        0.06966683600000001,
        0.067293936,
        0.06537633600000001,
        0.066641136,
        0.06495563600000001
      ],
      "exit_codes": [
        0,
        0,
        0,
        0,
        0,
        0,
        0,
        0,
        0,
        0,
        0,
        0,
        0,
        0,
        0
      ]
    }
  ]
}
