{
  "results": [
    {
      "command": "C:\\Users\\test\\Documents\\research\\research\\artifacts\\installed\\python\\python.exe C:\\Users\\test\\Documents\\research\\research\\artifacts\\system\\are-we-fast-yet\\benchmarks\\Python\\harness.py Sieve 10 15",
      "mean": 0.23016640600000002,
      "stddev": 0.008006066880524331,
      "median": 0.23066876600000003,
      "user": 0.21031250000000004,
      "system": 0.013,
      "min": 0.22197516600000003,
      "max": 0.24259616600000003,
      "times": [
        0.22197516600000003,
        0.22229026600000001,
        0.22311996600000003,
        0.24090906600000003,
        0.240122466,
        0.22226186600000003,
        0.22392706600000004,
        0.23066876600000003,
        0.23096686600000002,
        0.22348906600000001,
        0.23584366600000004,
        0.24259616600000003,
        0.24047876600000004,
        0.22228396600000003,
        0.231562966
      ],
      "exit_codes": [
        0,
        0,
        0,
        0,
        0,
        0,
        0,
        0,
        0,
        0,
        0,
        0,
        0,
        0,
        0
      ]
    }
  ]
}
