{
  "results": [
    {
      "command": "C:\\Users\\test\\Documents\\research\\research\\artifacts\\installed\\python\\python.exe C:\\Users\\test\\Documents\\research\\research\\artifacts\\system\\are-we-fast-yet\\benchmarks\\Python\\harness.py Permute 10 15",
      "mean": 0.7682622673333335,
      "stddev": 0.07941273690706462,
      "median": 0.7400931940000001,
      "user": 0.7457291666666668,
      "system": 0.012916666666666667,
      "min": 0.7208355940000001,
      "max": 1.041266394,
      "times": [
        0.7364734940000001,
        0.7208355940000001,
        0.7357878940000001,
        0.7350778940000001,
        0.731214294,
        0.7400931940000001,
        0.7324364940000001,
        0.8156017940000001,
        0.7531871940000001,
        0.746972594,
        1.041266394,
        0.7806558940000001,
        0.7721481940000001,
        0.7283198940000001,
        0.7538631940000001
      ],
      "exit_codes": [
        0,
        0,
        0,
        0,
        0,
        0,
        0,
        0,
        0,
        0,
        0,
        0,
        0,
        0,
        0
      ]
    }
  ]
}
