{
  "results": [
    {
      "command": "C:\\Users\\test\\Documents\\research\\research\\artifacts\\installed\\python\\python.exe C:\\Users\\test\\Documents\\research\\research\\artifacts\\system\\are-we-fast-yet\\benchmarks\\Python\\harness.py List 10 15",
      "mean": 0.4545707866666666,
      "stddev": 0.051328964942939634,
      "median": 0.43170726000000004,
      "user": 0.3973958333333332,
      "system": 0.032124999999999994,
      "min": 0.38912446,
      "max": 0.5664554600000001,
      "times": [
        0.49731736,
        0.51227206,
        0.48052076000000005,
        0.42623706,
        0.40344836,
        0.39492116,
        0.49615946000000005,
        0.5664554600000001,
        0.48940946,
        0.47025716,
        0.38912446,
        0.42238216,
        0.43170726000000004,
        0.41561286000000003,
        0.42273676
      ],
      "exit_codes": [
        0,
        0,
        0,
        0,
        0,
        0,
        0,
        0,
        0,
        0,
        0,
        0,
        0,
        0,
        0
      ]
    }
  ]
}
