{
  "results": [
    {
      "command": "C:\\Users\\test\\Documents\\research\\research\\artifacts\\installed\\python\\python.exe C:\\Users\\test\\Documents\\research\\research\\artifacts\\system\\are-we-fast-yet\\benchmarks\\Python\\harness.py Sieve 10 15",
      "mean": 0.17897399466666672,
      "stddev": 0.008249625964808232,
      "median": 0.175063588,
      "user": 0.15968749999999995,
      "system": 0.015187499999999998,
      "min": 0.17161088800000002,
      "max": 0.19841738800000003,
      "times": [
        0.175063588,
        0.171869188,
        0.18271868800000002,
        0.192040488,
        0.19841738800000003,
        0.172419488,
        0.176416788,
        0.17161088800000002,
        0.17423508799999998,
        0.17214418800000003,
        0.182349388,
        0.174415188,
        0.17231788800000003,
        0.18127308800000003,
        0.187318588
      ],
      "exit_codes": [
        0,
        0,
        0,
        0,
        0,
        0,
        0,
        0,
        0,
        0,
        0,
        0,
        0,
        0,
        0
      ]
    }
  ]
}
