{
  "results": [
    {
      "command": "C:\\Users\\test\\Documents\\research\\research\\artifacts\\installed2\\python\\python.exe C:\\Users\\test\\Documents\\research\\research\\system\\are-we-fast-yet\\benchmarks\\Python\\harness.py Json 10 15",
      "mean": 5.149783360000001,
      "stddev": 0.28897704065672103,
      "median": 5.19447501,
      "user": 5.1068750000000005,
      "system": 0.0265625,
      "min": 4.5518755099999995,
      "max": 5.61728121,
      "times": [
        5.10598031,
        4.8430610099999996,
        5.08708931,
        5.165367209999999,
        5.29274561,
        5.28287061,
        5.32798001,
        5.61728121,
        5.22358281,
        4.5518755099999995
      ],
      "exit_codes": [
        0,
        0,
        0,
        0,
        0,
        0,
        0,
        0,
        0,
        0
      ]
    }
  ]
}
