{
  "results": [
    {
      "command": "C:\\Users\\test\\Documents\\research\\research\\artifacts\\installed\\python\\python.exe C:\\Users\\test\\Documents\\research\\research\\artifacts\\system\\are-we-fast-yet\\benchmarks\\Python\\harness.py Storage 10 15",
      "mean": 0.5509759333333334,
      "stddev": 0.02650260480833822,
      "median": 0.54341152,
      "user": 0.5287500000000002,
      "system": 0.021791666666666668,
      "min": 0.5197415200000001,
      "max": 0.6120298200000001,
      "times": [
        0.5296004200000001,
        0.57877372,
        0.54345452,
        0.59803052,
        0.55202762,
        0.5571518200000001,
        0.5411030200000001,
        0.54320002,
        0.55659762,
        0.5313882200000001,
        0.5197415200000001,
        0.54341152,
        0.5290132200000001,
        0.52911542,
        0.6120298200000001
      ],
      "exit_codes": [
        0,
        0,
        0,
        0,
        0,
        0,
        0,
        0,
        0,
        0,
        0,
        0,
        0,
        0,
        0
      ]
    }
  ]
}
