{
  "results": [
    {
      "command": "C:\\Users\\test\\Documents\\research\\research\\artifacts\\installed\\python\\python.exe C:\\Users\\test\\Documents\\research\\research\\artifacts\\system\\are-we-fast-yet\\benchmarks\\Python\\harness.py DeltaBlue 10 15",
      "mean": 0.06676388866666667,
      "stddev": 0.0026847477014920163,
      "median": 0.06496308200000002,
      "user": 0.0478125,
      "system": 0.012812500000000001,
      "min": 0.06368698200000002,
      "max": 0.07177838200000002,
      "times": [
        0.07177838200000002,
        0.07020938200000001,
        0.06864508200000001,
        0.06954468200000001,
        0.06907488200000002,
        0.06421718200000001,
        0.06368698200000002,
        0.06455978200000001,
        0.06859098200000001,
        0.06777588200000001,
        0.06496308200000002,
        0.06458178200000002,
        0.06478218200000001,
        0.06479058200000001,
        0.06425748200000002
      ],
      "exit_codes": [
        0,
        0,
        0,
        0,
        0,
        0,
        0,
        0,
        0,
        0,
        0,
        0,
        0,
        0,
        0
      ]
    }
  ]
}
