{
  "results": [
    {
      "command": "C:\\Users\\test\\Documents\\research\\research\\artifacts\\installed\\python\\python.exe C:\\Users\\test\\Documents\\research\\research\\artifacts\\system\\are-we-fast-yet\\benchmarks\\Python\\harness.py Queens 10 15",
      "mean": 0.5948874140000001,
      "stddev": 0.06967969656934303,
      "median": 0.568667714,
      "user": 0.5478125000000001,
      "system": 0.028750000000000005,
      "min": 0.523978114,
      "max": 0.756904514,
      "times": [
        0.756904514,
        0.5815263140000001,
        0.5533084140000001,
        0.547877114,
        0.568667714,
        0.532289314,
        0.5325315140000001,
        0.544193314,
        0.5521696140000001,
        0.523978114,
        0.6607178140000001,
        0.6284152140000001,
        0.6904907140000001,
        0.665517914,
        0.5847236140000001
      ],
      "exit_codes": [
        0,
        0,
        0,
        0,
        0,
        0,
        0,
        0,
        0,
        0,
        0,
        0,
        0,
        0,
        0
      ]
    }
  ]
}
