{
  "results": [
    {
      "command": "C:\\Users\\test\\Documents\\research\\research\\artifacts\\installed\\python\\python.exe C:\\Users\\test\\Documents\\research\\research\\artifacts\\system\\are-we-fast-yet\\benchmarks\\Python\\harness.py Permute 10 15",
      "mean": 0.7678559313333332,
      "stddev": 0.050402735286612994,
      "median": 0.7518225980000001,
      "user": 0.7442708333333331,
      "system": 0.017333333333333333,
      "min": 0.735411798,
      "max": 0.9336034980000001,
      "times": [
        0.756693398,
        0.761925398,
        0.7523184980000001,
        0.748149398,
        0.742578498,
        0.7518225980000001,
        0.757014998,
        0.735411798,
        0.746291398,
        0.747612598,
        0.9336034980000001,
        0.750064598,
        0.8274617980000001,
        0.7597141980000001,
        0.7471762980000001
      ],
      "exit_codes": [
        0,
        0,
        0,
        0,
        0,
        0,
        0,
        0,
        0,
        0,
        0,
        0,
        0,
        0,
        0
      ]
    }
  ]
}
