{
  "results": [
    {
      "command": "C:\\Users\\test\\Documents\\research\\research\\artifacts\\installed\\python\\python.exe C:\\Users\\test\\Documents\\research\\research\\artifacts\\system\\are-we-fast-yet\\benchmarks\\Python\\harness.py Json 10 15",
      "mean": 3.3034286780000004,
      "stddev": 0.06480445048718497,
      "median": 3.279206198,
      "user": 3.2762500000000014,
      "system": 0.018375000000000006,
      "min": 3.2393771979999997,
      "max": 3.424337198,
      "times": [
        3.417973498,
        3.287829098,
        3.279206198,
        3.419347998,
        3.2631649979999997,
        3.268686398,
        3.3003507979999998,
        3.284459798,
        3.263939298,
        3.2393771979999997,
        3.243619698,
        3.333177998,
        3.424337198,
        3.2531292979999997,
        3.272830698
      ],
      "exit_codes": [
        0,
        0,
        0,
        0,
        0,
        0,
        0,
        0,
        0,
        0,
        0,
        0,
        0,
        0,
        0
      ]
    }
  ]
}
