{
  "results": [
    {
      "command": "C:\\Users\\test\\Documents\\research\\research\\artifacts\\installed2\\python\\python.exe C:\\Users\\test\\Documents\\research\\research\\system\\are-we-fast-yet\\benchmarks\\Python\\harness.py Json 10 15",
      "mean": 4.013460578,
      "stddev": 0.32908300813398983,
      "median": 4.017798078,
      "user": 3.984375000000001,
      "system": 0.027500000000000004,
      "min": 3.490208578,
      "max": 4.607461778,
      "times": [
        3.995005778,
        3.490208578,
        3.655038178,
        4.112015078000001,
        4.053148578,
        4.405184878,
        3.780946778,
        4.003887478,
        4.607461778,
        4.031708678
      ],
      "exit_codes": [
        0,
        0,
        0,
        0,
        0,
        0,
        0,
        0,
        0,
        0
      ]
    }
  ]
}
