{
  "results": [
    {
      "command": "C:\\Users\\test\\Documents\\research\\research\\artifacts\\installed\\python\\python.exe C:\\Users\\test\\Documents\\research\\research\\artifacts\\system\\are-we-fast-yet\\benchmarks\\Python\\harness.py Json 10 15",
      "mean": 3.403231192,
      "stddev": 0.2159521027347163,
      "median": 3.3172939319999997,
      "user": 3.3756250000000003,
      "system": 0.020416666666666673,
      "min": 3.281178932,
      "max": 4.137307132,
      "times": [
        4.137307132,
        3.3097299319999998,
        3.5285936319999998,
        3.281178932,
        3.3009740319999996,
        3.3104580319999997,
        3.3172939319999997,
        3.338970532,
        3.454282932,
        3.300464032,
        3.301231132,
        3.3402457319999996,
        3.283036632,
        3.396106932,
        3.448594332
      ],
      "exit_codes": [
        0,
        0,
        0,
        0,
        0,
        0,
        0,
        0,
        0,
        0,
        0,
        0,
        0,
        0,
        0
      ]
    }
  ]
}
