{
  "results": [
    {
      "command": "C:\\Users\\test\\Documents\\research\\research\\artifacts\\installed\\python\\python.exe C:\\Users\\test\\Documents\\research\\research\\artifacts\\system\\are-we-fast-yet\\benchmarks\\Python\\harness.py Queens 10 15",
      "mean": 0.614213196,
      "stddev": 0.08785931419470723,
      "median": 0.607579796,
      "user": 0.5635416666666668,
      "system": 0.01583333333333333,
      "min": 0.5177277960000001,
      "max": 0.8030625960000001,
      "times": [
        0.6207593960000001,
        0.572178696,
        0.728137896,
        0.528662496,
        0.557501996,
        0.5582538960000001,
        0.6119841960000001,
        0.8030625960000001,
        0.607579796,
        0.613160696,
        0.7721506960000001,
        0.5499013960000001,
        0.630375996,
        0.541760396,
        0.5177277960000001
      ],
      "exit_codes": [
        0,
        0,
        0,
        0,
        0,
        0,
        0,
        0,
        0,
        0,
        0,
        0,
        0,
        0,
        0
      ]
    }
  ]
}
