{
  "results": [
    {
      "command": "C:\\Users\\test\\Documents\\research\\research\\artifacts\\installed\\python\\python.exe C:\\Users\\test\\Documents\\research\\research\\artifacts\\system\\are-we-fast-yet\\benchmarks\\Python\\harness.py Sieve 10 15",
      "mean": 0.233405024,
      "stddev": 0.009520918773866904,
      "median": 0.232433124,
      "user": 0.2150000000000001,
      "system": 0.009416666666666665,
      "min": 0.222928324,
      "max": 0.255507924,
      "times": [
        0.231642324,
        0.23306782400000003,
        0.222928324,
        0.24861962399999998,
        0.255507924,
        0.23380462400000002,
        0.24381472399999998,
        0.22304112400000004,
        0.224554924,
        0.231628424,
        0.234680224,
        0.232433124,
        0.234812124,
        0.224335524,
        0.22620452400000002
      ],
      "exit_codes": [
        0,
        0,
        0,
        0,
        0,
        0,
        0,
        0,
        0,
        0,
        0,
        0,
        0,
        0,
        0
      ]
    }
  ]
}
