{
  "results": [
    {
      "command": "C:\\Users\\test\\Documents\\research\\research\\artifacts\\installed\\python\\python.exe C:\\Users\\test\\Documents\\research\\research\\artifacts\\system\\are-we-fast-yet\\benchmarks\\Python\\harness.py Queens 10 15",
      "mean": 0.35620983733333333,
      "stddev": 0.009583711802284024,
      "median": 0.356234064,
      "user": 0.33479166666666665,
      "system": 0.016124999999999997,
      "min": 0.34103306400000005,
      "max": 0.375435964,
      "times": [
        0.351195164,
        0.366768264,
        0.36237006400000005,
        0.36511356400000006,
        0.35144506400000003,
        0.345600764,
        0.35639356400000005,
        0.35900726400000005,
        0.375435964,
        0.349348264,
        0.35081796400000004,
        0.34103306400000005,
        0.356234064,
        0.34587806400000004,
        0.36650646400000003
      ],
      "exit_codes": [
        0,
        0,
        0,
        0,
        0,
        0,
        0,
        0,
        0,
        0,
        0,
        0,
        0,
        0,
        0
      ]
    }
  ]
}
