{
  "results": [
    {
      "command": "C:\\Users\\test\\Documents\\research\\research\\artifacts\\installed\\python\\python.exe C:\\Users\\test\\Documents\\research\\research\\artifacts\\system\\are-we-fast-yet\\benchmarks\\Python\\harness.py Json 10 15",
      "mean": 3.4418893226666665,
      "stddev": 0.15864312940753295,
      "median": 3.4776102559999997,
      "user": 3.4142708333333345,
      "system": 0.019666666666666662,
      "min": 3.207601256,
      "max": 3.6844080559999997,
      "times": [
        3.5060259559999998,
        3.601250956,
        3.539951756,
        3.427522556,
        3.2659634559999997,
        3.2408698559999998,
        3.375629656,
        3.549918356,
        3.2539943559999998,
        3.576819556,
        3.207601256,
        3.628342456,
        3.6844080559999997,
        3.292431356,
        3.4776102559999997
      ],
      "exit_codes": [
        0,
        0,
        0,
        0,
        0,
        0,
        0,
        0,
        0,
        0,
        0,
        0,
        0,
        0,
        0
      ]
    }
  ]
}
