{
  "results": [
    {
      "command": "C:\\Users\\test\\Documents\\research\\research\\artifacts\\installed\\python\\python.exe C:\\Users\\test\\Documents\\research\\research\\artifacts\\system\\are-we-fast-yet\\benchmarks\\Python\\harness.py Storage 10 15",
      "mean": 0.7186790026666666,
      "stddev": 0.05705762304753813,
      "median": 0.696149396,
      "user": 0.6891666666666669,
      "system": 0.021749999999999995,
      "min": 0.676415196,
      "max": 0.8914463960000001,
      "times": [
        0.6992467960000001,
        0.7118120960000001,
        0.725995896,
        0.686862496,
        0.676415196,
        0.8914463960000001,
        0.788224596,
        0.687959396,
        0.689224696,
        0.699607996,
        0.696149396,
        0.678906996,
        0.7632409960000001,
        0.692697996,
        0.692394096
      ],
      "exit_codes": [
        0,
        0,
        0,
        0,
        0,
        0,
        0,
        0,
        0,
        0,
        0,
        0,
        0,
        0,
        0
      ]
    }
  ]
}
