{
  "results": [
    {
      "command": "C:\\Users\\test\\Documents\\research\\research\\artifacts\\installed\\python\\python.exe C:\\Users\\test\\Documents\\research\\research\\artifacts\\system\\are-we-fast-yet\\benchmarks\\Python\\harness.py Bounce 10 15",
      "mean": 0.4897955973333334,
      "stddev": 0.018077692546255804,
      "median": 0.48878834400000004,
      "user": 0.46250000000000013,
      "system": 0.017791666666666664,
      "min": 0.46232254400000006,
      "max": 0.5468550440000001,
      "times": [
        0.48050714400000005,
        0.46232254400000006,
        0.474361044,
        0.48878834400000004,
        0.49504204400000007,
        0.49393324400000005,
        0.480140944,
        0.5468550440000001,
        0.49387774400000006,
        0.49080924400000003,
        0.492690944,
        0.48599164400000006,
        0.49232684400000004,
        0.485444044,
        0.48384314400000006
      ],
      "exit_codes": [
        0,
        0,
        0,
        0,
        0,
        0,
        0,
        0,
        0,
        0,
        0,
        0,
        0,
        0,
        0
      ]
    }
  ]
}
