{
  "results": [
    {
      "command": "C:\\Users\\test\\Documents\\research\\research\\artifacts\\installed\\python\\python.exe C:\\Users\\test\\Documents\\research\\research\\artifacts\\system\\are-we-fast-yet\\benchmarks\\Python\\harness.py Storage 10 15",
      "mean": 0.6761413893333333,
      "stddev": 0.028859651800712708,
      "median": 0.6675773360000001,
      "user": 0.6459375000000002,
      "system": 0.018354166666666664,
      "min": 0.6479553360000001,
      "max": 0.7433736360000001,
      "times": [
        0.6724360360000001,
        0.7433736360000001,
        0.6668624360000001,
        0.6675773360000001,
        0.6714326360000001,
        0.6870952360000001,
        0.6574040360000001,
        0.674757636,
        0.6601759360000001,
        0.648412936,
        0.742457836,
        0.6643593360000001,
        0.6664282360000001,
        0.6479553360000001,
        0.6713922360000001
      ],
      "exit_codes": [
        0,
        0,
        0,
        0,
        0,
        0,
        0,
        0,
        0,
        0,
        0,
        0,
        0,
        0,
        0
      ]
    }
  ]
}
