{
  "results": [
    {
      "command": "C:\\Users\\test\\Documents\\research\\research\\artifacts\\installed\\python\\python.exe C:\\Users\\test\\Documents\\research\\research\\artifacts\\system\\are-we-fast-yet\\benchmarks\\Python\\harness.py Permute 10 15",
      "mean": 0.7001293593333333,
      "stddev": 0.009348336357790145,
      "median": 0.700460246,
      "user": 0.6703124999999998,
      "system": 0.02052083333333333,
      "min": 0.6834310459999999,
      "max": 0.713610546,
      "times": [
        0.7063531460000001,
        0.7083889460000001,
        0.6951925460000001,
        0.700460246,
        0.7115179460000001,
        0.6834310459999999,
        0.6986927460000001,
        0.697679146,
        0.6909270460000001,
        0.6925588460000001,
        0.686083346,
        0.7045851460000001,
        0.7007468460000001,
        0.713610546,
        0.711712846
      ],
      "exit_codes": [
        0,
        0,
        0,
        0,
        0,
        0,
        0,
        0,
        0,
        0,
        0,
        0,
        0,
        0,
        0
      ]
    }
  ]
}
