{
  "results": [
    {
      "command": "C:\\Users\\test\\Documents\\research\\research\\artifacts\\installed\\python\\python.exe C:\\Users\\test\\Documents\\research\\research\\artifacts\\system\\are-we-fast-yet\\benchmarks\\Python\\harness.py Bounce 10 15",
      "mean": 0.39845478466666673,
      "stddev": 0.006520339481265708,
      "median": 0.39881451800000006,
      "user": 0.37916666666666676,
      "system": 0.01916666666666667,
      "min": 0.38735351800000006,
      "max": 0.41037951800000005,
      "times": [
        0.40065341800000004,
        0.40026761800000005,
        0.41037951800000005,
        0.402129418,
        0.404592718,
        0.39745091800000004,
        0.40685241800000005,
        0.393782518,
        0.39022691800000003,
        0.40247031800000005,
        0.38735351800000006,
        0.39525081800000006,
        0.39881451800000006,
        0.39715371800000004,
        0.38944341800000004
      ],
      "exit_codes": [
        0,
        0,
        0,
        0,
        0,
        0,
        0,
        0,
        0,
        0,
        0,
        0,
        0,
        0,
        0
      ]
    }
  ]
}
