{
  "results": [
    {
      "command": "C:\\Users\\test\\Documents\\research\\research\\artifacts\\installed\\python\\python.exe C:\\Users\\test\\Documents\\research\\research\\artifacts\\system\\are-we-fast-yet\\benchmarks\\Python\\harness.py Queens 10 15",
      "mean": 0.4146967206666668,
      "stddev": 0.05401057601919232,
      "median": 0.40046409400000005,
      "user": 0.3979166666666668,
      "system": 0.010625,
      "min": 0.353734994,
      "max": 0.513414194,
      "times": [
        0.4925239940000001,
        0.46917809400000005,
        0.45004219400000006,
        0.40725749400000005,
        0.513414194,
        0.40046409400000005,
        0.36289629400000006,
        0.36741369400000007,
        0.363190094,
        0.353734994,
        0.360475894,
        0.381384594,
        0.37995439400000003,
        0.46403719400000004,
        0.45448359400000005
      ],
      "exit_codes": [
        0,
        0,
        0,
        0,
        0,
        0,
        0,
        0,
        0,
        0,
        0,
        0,
        0,
        0,
        0
      ]
    }
  ]
}
