{
  "results": [
    {
      "command": "C:\\Users\\test\\Documents\\research\\research\\artifacts\\installed\\python\\python.exe C:\\Users\\test\\Documents\\research\\research\\artifacts\\system\\are-we-fast-yet\\benchmarks\\Python\\harness.py List 10 15",
      "mean": 0.3031767173333334,
      "stddev": 0.010763420900071466,
      "median": 0.30155242400000004,
      "user": 0.28500000000000003,
      "system": 0.014145833333333331,
      "min": 0.28892512400000003,
      "max": 0.321421224,
      "times": [
        0.295089424,
        0.321284524,
        0.29582242400000003,
        0.309983224,
        0.30542662400000004,
        0.30773762400000004,
        0.299297924,
        0.321421224,
        0.317450324,
        0.29928772400000003,
        0.30155242400000004,
        0.289054824,
        0.28892512400000003,
        0.291763624,
        0.303553724
      ],
      "exit_codes": [
        0,
        0,
        0,
        0,
        0,
        0,
        0,
        0,
        0,
        0,
        0,
        0,
        0,
        0,
        0
      ]
    }
  ]
}
