{
  "results": [
    {
      "command": "C:\\Users\\test\\Documents\\research\\research\\artifacts\\installed\\python\\python.exe C:\\Users\\test\\Documents\\research\\research\\artifacts\\system\\are-we-fast-yet\\benchmarks\\Python\\harness.py Sieve 10 15",
      "mean": 0.3971216973333334,
      "stddev": 0.04365493009058765,
      "median": 0.39289824400000006,
      "user": 0.34260416666666677,
      "system": 0.02991666666666667,
      "min": 0.352898244,
      "max": 0.526058644,
      "times": [
        0.432313344,
        0.373829344,
        0.526058644,
        0.37443354400000006,
        0.36798594400000006,
        0.393481344,
        0.419253444,
        0.413841044,
        0.383932944,
        0.392958244,
        0.352898244,
        0.358720944,
        0.39289824400000006,
        0.420938044,
        0.353282144
      ],
      "exit_codes": [
        0,
        0,
        0,
        0,
        0,
        0,
        0,
        0,
        0,
        0,
        0,
        0,
        0,
        0,
        0
      ]
    }
  ]
}
