{
  "results": [
    {
      "command": "C:\\Users\\test\\Documents\\research\\research\\artifacts\\installed\\python\\python.exe C:\\Users\\test\\Documents\\research\\research\\artifacts\\system\\are-we-fast-yet\\benchmarks\\Python\\harness.py Json 10 15",
      "mean": 2.2842500373333334,
      "stddev": 0.2049227169313553,
      "median": 2.2471067240000004,
      "user": 2.2675,
      "system": 0.01125,
      "min": 2.089331924,
      "max": 2.777939524,
      "times": [
        2.3675719240000004,
        2.777939524,
        2.3682004240000003,
        2.1437618240000003,
        2.1003462240000004,
        2.5985248240000005,
        2.1043085240000003,
        2.467552024,
        2.2471067240000004,
        2.0994421240000003,
        2.299213024,
        2.277401524,
        2.098430324,
        2.089331924,
        2.2246196240000002
      ],
      "exit_codes": [
        0,
        0,
        0,
        0,
        0,
        0,
        0,
        0,
        0,
        0,
        0,
        0,
        0,
        0,
        0
      ]
    }
  ]
}
