{
  "results": [
    {
      "command": "C:\\Users\\test\\Documents\\research\\research\\artifacts\\installed\\python\\python.exe C:\\Users\\test\\Documents\\research\\research\\artifacts\\system\\are-we-fast-yet\\benchmarks\\Python\\harness.py Storage 10 15",
      "mean": 0.5694743773333333,
      "stddev": 0.008056606870536812,
      "median": 0.5680132840000001,
      "user": 0.5392708333333331,
      "system": 0.023958333333333342,
      "min": 0.5583419840000001,
      "max": 0.5868938840000001,
      "times": [
        0.567543584,
        0.5696194840000001,
        0.5640376840000001,
        0.5586123840000001,
        0.5642313840000001,
        0.5715404840000001,
        0.5680132840000001,
        0.5583419840000001,
        0.5830074840000001,
        0.5759434840000001,
        0.5662011840000001,
        0.5748298840000001,
        0.5638366840000001,
        0.569462784,
        0.5868938840000001
      ],
      "exit_codes": [
        0,
        0,
        0,
        0,
        0,
        0,
        0,
        0,
        0,
        0,
        0,
        0,
        0,
        0,
        0
      ]
    }
  ]
}
