{
  "results": [
    {
      "command": "C:\\Users\\test\\Documents\\research\\research\\artifacts\\installed\\python\\python.exe C:\\Users\\test\\Documents\\research\\research\\artifacts\\system\\are-we-fast-yet\\benchmarks\\Python\\harness.py DeltaBlue 10 15",
      "mean": 0.06446837066666666,
      "stddev": 0.003239731761706444,
      "median": 0.06442204400000001,
      "user": 0.04708333333333334,
      "system": 0.016583333333333335,
      "min": 0.059740244000000005,
      "max": 0.071404144,
      "times": [
        0.064350444,
        0.06487764400000001,
        0.06515484400000002,
        0.06822814400000002,
        0.071404144,
        0.060675444,
        0.061764844000000006,
        0.061959644,
        0.059740244000000005,
        0.063906244,
        0.06466744400000002,
        0.06442204400000001,
        0.06130074400000001,
        0.06921364400000002,
        0.065360044
      ],
      "exit_codes": [
        0,
        0,
        0,
        0,
        0,
        0,
        0,
        0,
        0,
        0,
        0,
        0,
        0,
        0,
        0
      ]
    }
  ]
}
