{
  "results": [
    {
      "command": "C:\\Users\\test\\Documents\\research\\research\\artifacts\\installed\\python\\python.exe C:\\Users\\test\\Documents\\research\\research\\artifacts\\system\\are-we-fast-yet\\benchmarks\\Python\\harness.py Towers 10 15",
      "mean": 1.2602210746666669,
      "stddev": 0.04242961287806745,
      "median": 1.2678570279999999,
      "user": 1.2384374999999999,
      "system": 0.013916666666666664,
      "min": 1.1864618279999999,
      "max": 1.3228680279999998,
      "times": [
        1.2408149279999998,
        1.280047728,
        1.299220928,
        1.2803312279999999,
        1.2678570279999999,
        1.2785305279999999,
        1.3228680279999998,
        1.309579528,
        1.219421928,
        1.3062281279999999,
        1.2220662279999999,
        1.235147828,
        1.1935338279999999,
        1.1864618279999999,
        1.261206428
      ],
      "exit_codes": [
        0,
        0,
        0,
        0,
        0,
        0,
        0,
        0,
        0,
        0,
        0,
        0,
        0,
        0,
        0
      ]
    }
  ]
}
