{
  "results": [
    {
      "command": "C:\\Users\\test\\Documents\\research\\research\\artifacts\\installed\\python\\python.exe C:\\Users\\test\\Documents\\research\\research\\artifacts\\system\\are-we-fast-yet\\benchmarks\\Python\\harness.py Queens 10 15",
      "mean": 0.4792100053333333,
      "stddev": 0.014044205830950165,
      "median": 0.47525373200000004,
      "user": 0.45520833333333344,
      "system": 0.01479166666666667,
      "min": 0.46563813200000004,
      "max": 0.514259332,
      "times": [
        0.472922732,
        0.471652832,
        0.47059733200000003,
        0.47238733200000005,
        0.479907332,
        0.47704143200000004,
        0.514259332,
        0.487268032,
        0.508214332,
        0.46900723200000005,
        0.47818203200000003,
        0.46976603200000006,
        0.46563813200000004,
        0.476052232,
        0.47525373200000004
      ],
      "exit_codes": [
        0,
        0,
        0,
        0,
        0,
        0,
        0,
        0,
        0,
        0,
        0,
        0,
        0,
        0,
        0
      ]
    }
  ]
}
