{
  "results": [
    {
      "command": "C:\\Users\\test\\Documents\\research\\research\\artifacts\\installed\\python\\python.exe C:\\Users\\test\\Documents\\research\\research\\artifacts\\system\\are-we-fast-yet\\benchmarks\\Python\\harness.py Queens 10 15",
      "mean": 0.4373430259999999,
      "stddev": 0.017298263887619316,
      "median": 0.431040726,
      "user": 0.41062499999999996,
      "system": 0.024041666666666663,
      "min": 0.415944726,
      "max": 0.48801002600000004,
      "times": [
        0.48801002600000004,
        0.432587426,
        0.440969026,
        0.431040726,
        0.459633326,
        0.446762426,
        0.430502726,
        0.440720526,
        0.429825726,
        0.432085626,
        0.42784752600000003,
        0.425461726,
        0.415944726,
        0.430501026,
        0.42825282600000003
      ],
      "exit_codes": [
        0,
        0,
        0,
        0,
        0,
        0,
        0,
        0,
        0,
        0,
        0,
        0,
        0,
        0,
        0
      ]
    }
  ]
}
