{
  "results": [
    {
      "command": "C:\\Users\\test\\Documents\\research\\research\\artifacts\\installed\\python\\python.exe C:\\Users\\test\\Documents\\research\\research\\artifacts\\system\\are-we-fast-yet\\benchmarks\\Python\\harness.py Storage 10 15",
      "mean": 0.6167408866666668,
      "stddev": 0.05643976032787863,
      "median": 0.60718194,
      "user": 0.5891666666666668,
      "system": 0.023125000000000007,
      "min": 0.55349884,
      "max": 0.69187074,
      "times": [
        0.6788221400000001,
        0.6595400400000001,
        0.6770581400000001,
        0.66978214,
        0.6809712400000001,
        0.69187074,
        0.5589339400000001,
        0.5591189400000001,
        0.55769824,
        0.56413444,
        0.55349884,
        0.57222644,
        0.60718194,
        0.65264544,
        0.5676306400000001
      ],
      "exit_codes": [
        0,
        0,
        0,
        0,
        0,
        0,
        0,
        0,
        0,
        0,
        0,
        0,
        0,
        0,
        0
      ]
    }
  ]
}
