{
  "results": [
    {
      "command": "C:\\Users\\test\\Documents\\research\\research\\artifacts\\installed\\python\\python.exe C:\\Users\\test\\Documents\\research\\research\\artifacts\\system\\are-we-fast-yet\\benchmarks\\Python\\harness.py Bounce 10 15",
      "mean": 0.4393727786666667,
      "stddev": 0.04980945564978694,
      "median": 0.41859361200000006,
      "user": 0.4169791666666666,
      "system": 0.020583333333333335,
      "min": 0.39946411200000004,
      "max": 0.5592972119999999,
      "times": [
        0.43450041200000006,
        0.413837812,
        0.40737491200000003,
        0.41859361200000006,
        0.41531751200000006,
        0.492732212,
        0.42281291200000004,
        0.420130912,
        0.541014512,
        0.5592972119999999,
        0.425041812,
        0.39946411200000004,
        0.41073211200000004,
        0.414885312,
        0.414856312
      ],
      "exit_codes": [
        0,
        0,
        0,
        0,
        0,
        0,
        0,
        0,
        0,
        0,
        0,
        0,
        0,
        0,
        0
      ]
    }
  ]
}
