{
  "results": [
    {
      "command": "C:\\Users\\test\\Documents\\research\\research\\artifacts\\installed2\\python\\python.exe C:\\Users\\test\\Documents\\research\\research\\system\\are-we-fast-yet\\benchmarks\\Python\\harness.py DeltaBlue 10 15",
      "mean": 0.06721706600000002,
      "stddev": 0.004757236683481986,
      "median": 0.06601152600000001,
      "user": 0.04499999999999999,
      "system": 0.0200625,
      "min": 0.061763726000000005,
      "max": 0.07607962600000001,
      "times": [
        0.06477772600000001,
        0.062479326,
        0.064364426,
        0.06652292600000001,
        0.065500126,
        0.068991726,
        0.067243226,
        0.07607962600000001,
        0.07444782600000001,
        0.061763726000000005
      ],
      "exit_codes": [
        0,
        0,
        0,
        0,
        0,
        0,
        0,
        0,
        0,
        0
      ]
    }
  ]
}
