{
  "results": [
    {
      "command": "C:\\Users\\test\\Documents\\research\\research\\artifacts\\installed\\python\\python.exe C:\\Users\\test\\Documents\\research\\research\\artifacts\\system\\are-we-fast-yet\\benchmarks\\Python\\harness.py DeltaBlue 10 15",
      "mean": 0.065807682,
      "stddev": 0.0024017718459504018,
      "median": 0.065194682,
      "user": 0.040937499999999995,
      "system": 0.0141875,
      "min": 0.06400248200000001,
      "max": 0.07402078200000001,
      "times": [
        0.066237082,
        0.064395882,
        0.06510898200000001,
        0.065816382,
        0.065701982,
        0.06463168200000001,
        0.064896382,
        0.06625178200000001,
        0.065194682,
        0.07402078200000001,
        0.06654878200000001,
        0.06450038200000001,
        0.065491482,
        0.06431648200000001,
        0.06400248200000001
      ],
      "exit_codes": [
        0,
        0,
        0,
        0,
        0,
        0,
        0,
        0,
        0,
        0,
        0,
        0,
        0,
        0,
        0
      ]
    }
  ]
}
