{
  "results": [
    {
      "command": "C:\\Users\\test\\Documents\\research\\research\\artifacts\\installed\\python\\python.exe C:\\Users\\test\\Documents\\research\\research\\artifacts\\system\\are-we-fast-yet\\benchmarks\\Python\\harness.py Json 10 15",
      "mean": 3.5462891306666666,
      "stddev": 0.2395201712634552,
      "median": 3.4488851240000002,
      "user": 3.523125000000001,
      "system": 0.016916666666666667,
      "min": 3.258879624,
      "max": 4.095081324,
      "times": [
        3.395265024,
        3.398251924,
        3.668421824,
        3.7264604240000003,
        3.258879624,
        3.352858524,
        3.775511924,
        4.095081324,
        3.685279824,
        3.4018714240000003,
        3.7964267240000003,
        3.259436024,
        3.3436118240000003,
        3.4488851240000002,
        3.588095424
      ],
      "exit_codes": [
        0,
        0,
        0,
        0,
        0,
        0,
        0,
        0,
        0,
        0,
        0,
        0,
        0,
        0,
        0
      ]
    }
  ]
}
