{
  "results": [
    {
      "command": "C:\\Users\\test\\Documents\\research\\research\\artifacts\\installed\\python\\python.exe C:\\Users\\test\\Documents\\research\\research\\artifacts\\system\\are-we-fast-yet\\benchmarks\\Python\\harness.py Queens 10 15",
      "mean": 0.47283825,
      "stddev": 0.012335232021953555,
      "median": 0.46902411000000005,
      "user": 0.45093750000000016,
      "system": 0.023041666666666665,
      "min": 0.46115501000000003,
      "max": 0.50849011,
      "times": [
        0.47781011,
        0.47965641000000003,
        0.46504451,
        0.47704291000000004,
        0.46446531,
        0.47083881000000005,
        0.46261861000000004,
        0.46728971,
        0.46902411000000005,
        0.46591691,
        0.50849011,
        0.47438381,
        0.48654021000000003,
        0.46115501000000003,
        0.46229721
      ],
      "exit_codes": [
        0,
        0,
        0,
        0,
        0,
        0,
        0,
        0,
        0,
        0,
        0,
        0,
        0,
        0,
        0
      ]
    }
  ]
}
