{
  "results": [
    {
      "command": "C:\\Users\\test\\Documents\\research\\research\\artifacts\\installed\\python\\python.exe C:\\Users\\test\\Documents\\research\\research\\artifacts\\system\\are-we-fast-yet\\benchmarks\\Python\\harness.py Towers 10 15",
      "mean": 0.9826626813333335,
      "stddev": 0.04618090782449985,
      "median": 0.9588589080000001,
      "user": 0.9620833333333337,
      "system": 0.017625,
      "min": 0.941817408,
      "max": 1.115816208,
      "times": [
        0.948926708,
        0.9795233080000001,
        0.952647808,
        0.983162308,
        1.010750908,
        0.9916902080000001,
        0.995688108,
        0.9473716080000001,
        0.9580183080000001,
        0.941817408,
        0.9543505080000001,
        1.115816208,
        1.042499808,
        0.958818108,
        0.9588589080000001
      ],
      "exit_codes": [
        0,
        0,
        0,
        0,
        0,
        0,
        0,
        0,
        0,
        0,
        0,
        0,
        0,
        0,
        0
      ]
    }
  ]
}
