{
  "results": [
    {
      "command": "C:\\Users\\test\\Documents\\research\\research\\artifacts\\installed\\python\\python.exe C:\\Users\\test\\Documents\\research\\research\\artifacts\\system\\are-we-fast-yet\\benchmarks\\Python\\harness.py List 10 15",
      "mean": 0.3348548093333334,
      "stddev": 0.01929255759038653,
      "median": 0.32753495600000004,
      "user": 0.31479166666666664,
      "system": 0.018625,
      "min": 0.309823256,
      "max": 0.387219756,
      "times": [
        0.354861656,
        0.32372015600000004,
        0.326726556,
        0.309823256,
        0.324474556,
        0.32811765600000004,
        0.32055045600000004,
        0.387219756,
        0.343666056,
        0.356874156,
        0.33400735600000003,
        0.322695756,
        0.33848025600000003,
        0.32406955600000004,
        0.32753495600000004
      ],
      "exit_codes": [
        0,
        0,
        0,
        0,
        0,
        0,
        0,
        0,
        0,
        0,
        0,
        0,
        0,
        0,
        0
      ]
    }
  ]
}
