{
  "results": [
    {
      "command": "C:\\Users\\test\\Documents\\research\\research\\artifacts\\installed\\python\\python.exe C:\\Users\\test\\Documents\\research\\research\\artifacts\\system\\are-we-fast-yet\\benchmarks\\Python\\harness.py Bounce 10 15",
      "mean": 0.5962927940000001,
      "stddev": 0.03340890683588519,
      "median": 0.584978474,
      "user": 0.5572916666666667,
      "system": 0.030500000000000003,
      "min": 0.5566526740000001,
      "max": 0.669532474,
      "times": [
        0.5670605740000001,
        0.5847922740000001,
        0.5692927740000001,
        0.5784796740000001,
        0.647151974,
        0.6109840740000001,
        0.5566526740000001,
        0.5605731740000001,
        0.6009926740000001,
        0.603051674,
        0.565618974,
        0.627948974,
        0.669532474,
        0.6172814740000001,
        0.584978474
      ],
      "exit_codes": [
        0,
        0,
        0,
        0,
        0,
        0,
        0,
        0,
        0,
        0,
        0,
        0,
        0,
        0,
        0
      ]
    }
  ]
}
