{
  "results": [
    {
      "command": "C:\\Users\\test\\Documents\\research\\research\\artifacts\\installed\\python\\python.exe C:\\Users\\test\\Documents\\research\\research\\artifacts\\system\\are-we-fast-yet\\benchmarks\\Python\\harness.py Permute 10 15",
      "mean": 0.8629356106666666,
      "stddev": 0.026152278815907287,
      "median": 0.8574274040000001,
      "user": 0.8374999999999998,
      "system": 0.018895833333333334,
      "min": 0.835560504,
      "max": 0.9454507040000001,
      "times": [
        0.8650960040000001,
        0.855930904,
        0.8574274040000001,
        0.8527925040000001,
        0.8477406040000001,
        0.8482240040000001,
        0.860462704,
        0.882672604,
        0.9454507040000001,
        0.879775904,
        0.860289604,
        0.859407504,
        0.837928004,
        0.855275204,
        0.835560504
      ],
      "exit_codes": [
        0,
        0,
        0,
        0,
        0,
        0,
        0,
        0,
        0,
        0,
        0,
        0,
        0,
        0,
        0
      ]
    }
  ]
}
