{
  "results": [
    {
      "command": "C:\\Users\\test\\Documents\\research\\research\\artifacts\\installed\\python\\python.exe C:\\Users\\test\\Documents\\research\\research\\artifacts\\system\\are-we-fast-yet\\benchmarks\\Python\\harness.py Queens 10 15",
      "mean": 0.36339923199999996,
      "stddev": 0.009751399760034455,
      "median": 0.35984503200000006,
      "user": 0.34114583333333326,
      "system": 0.014458333333333333,
      "min": 0.35129003200000003,
      "max": 0.38622973200000005,
      "times": [
        0.35984503200000006,
        0.36026593200000007,
        0.36630793200000006,
        0.35946003200000004,
        0.36627083200000005,
        0.35129003200000003,
        0.38622973200000005,
        0.36242533200000004,
        0.37656183200000004,
        0.37746893200000003,
        0.35825963200000005,
        0.35232873200000003,
        0.35799753200000006,
        0.35937523200000004,
        0.356901732
      ],
      "exit_codes": [
        0,
        0,
        0,
        0,
        0,
        0,
        0,
        0,
        0,
        0,
        0,
        0,
        0,
        0,
        0
      ]
    }
  ]
}
