{
  "results": [
    {
      "command": "C:\\Users\\test\\Documents\\research\\research\\artifacts\\installed\\python\\python.exe C:\\Users\\test\\Documents\\research\\research\\artifacts\\system\\are-we-fast-yet\\benchmarks\\Python\\harness.py Towers 10 15",
      "mean": 0.9770465113333333,
      "stddev": 0.03186074954011293,
      "median": 0.966914138,
      "user": 0.9544791666666669,
      "system": 0.02075,
      "min": 0.9471852380000001,
      "max": 1.058988638,
      "times": [
        0.985132038,
        0.9602825380000001,
        1.0250284379999999,
        0.9563223380000001,
        0.953702738,
        1.0133026379999999,
        0.953228838,
        0.967074038,
        0.966914138,
        0.9572704380000001,
        0.9471852380000001,
        0.955194438,
        0.9817594380000001,
        0.974311738,
        1.058988638
      ],
      "exit_codes": [
        0,
        0,
        0,
        0,
        0,
        0,
        0,
        0,
        0,
        0,
        0,
        0,
        0,
        0,
        0
      ]
    }
  ]
}
