{
  "results": [
    {
      "command": "C:\\Users\\test\\Documents\\research\\research\\artifacts\\installed\\python\\python.exe C:\\Users\\test\\Documents\\research\\research\\artifacts\\system\\are-we-fast-yet\\benchmarks\\Python\\harness.py Storage 10 15",
      "mean": 0.5554554973333333,
      "stddev": 0.0071585632213521525,
      "median": 0.5543469839999999,
      "user": 0.5311458333333335,
      "system": 0.021479166666666664,
      "min": 0.5422005839999999,
      "max": 0.5669922840000001,
      "times": [
        0.5600552839999999,
        0.5422005839999999,
        0.565876584,
        0.5539400839999999,
        0.5603856840000001,
        0.5543469839999999,
        0.5539364840000001,
        0.5509341839999999,
        0.5609978840000001,
        0.551727584,
        0.5595737840000001,
        0.5466021839999999,
        0.5578866840000001,
        0.5463761840000001,
        0.5669922840000001
      ],
      "exit_codes": [
        0,
        0,
        0,
        0,
        0,
        0,
        0,
        0,
        0,
        0,
        0,
        0,
        0,
        0,
        0
      ]
    }
  ]
}
