{
  "results": [
    {
      "command": "C:\\Users\\test\\Documents\\research\\research\\artifacts\\installed\\python\\python.exe C:\\Users\\test\\Documents\\research\\research\\artifacts\\system\\are-we-fast-yet\\benchmarks\\Python\\harness.py Bounce 10 15",
      "mean": 0.4263173206666667,
      "stddev": 0.0076286914108952275,
      "median": 0.424326334,
      "user": 0.3978125000000002,
      "system": 0.02408333333333334,
      "min": 0.41735243400000005,
      "max": 0.440265434,
      "times": [
        0.438962334,
        0.42682523400000005,
        0.41735243400000005,
        0.42569373400000005,
        0.431466634,
        0.43338403400000003,
        0.423144734,
        0.41829373400000003,
        0.41978233400000003,
        0.424326334,
        0.423795034,
        0.417814234,
        0.41966633400000003,
        0.43398723400000006,
        0.440265434
      ],
      "exit_codes": [
        0,
        0,
        0,
        0,
        0,
        0,
        0,
        0,
        0,
        0,
        0,
        0,
        0,
        0,
        0
      ]
    }
  ]
}
