{
  "results": [
    {
      "command": "C:\\Users\\test\\Documents\\research\\research\\artifacts\\installed\\python\\python.exe C:\\Users\\test\\Documents\\research\\research\\artifacts\\system\\are-we-fast-yet\\benchmarks\\Python\\harness.py Queens 10 15",
      "mean": 0.3594488660000001,
      "stddev": 0.00979192560012002,
      "median": 0.35812412600000004,
      "user": 0.3338541666666666,
      "system": 0.017083333333333332,
      "min": 0.34779972600000003,
      "max": 0.38803642600000005,
      "times": [
        0.38803642600000005,
        0.36447992600000007,
        0.35812412600000004,
        0.352339726,
        0.36962532600000003,
        0.359142826,
        0.34779972600000003,
        0.351961326,
        0.36408442600000007,
        0.361049826,
        0.35665152600000005,
        0.355127426,
        0.35380042600000006,
        0.35832912600000005,
        0.35118082600000006
      ],
      "exit_codes": [
        0,
        0,
        0,
        0,
        0,
        0,
        0,
        0,
        0,
        0,
        0,
        0,
        0,
        0,
        0
      ]
    }
  ]
}
