{
  "results": [
    {
      "command": "C:\\Users\\test\\Documents\\research\\research\\artifacts\\installed\\python\\python.exe C:\\Users\\test\\Documents\\research\\research\\artifacts\\system\\are-we-fast-yet\\benchmarks\\Python\\harness.py Permute 10 15",
      "mean": 0.7343420113333333,
      "stddev": 0.01383234259370132,
      "median": 0.729939678,
      "user": 0.7171874999999998,
      "system": 0.013166666666666667,
      "min": 0.716712678,
      "max": 0.7689877780000001,
      "times": [
        0.7331696780000001,
        0.759289678,
        0.716712678,
        0.7339070780000001,
        0.7689877780000001,
        0.7226046780000001,
        0.7272977780000001,
        0.7311473780000001,
        0.7411420780000001,
        0.7284820780000001,
        0.725140678,
        0.726129078,
        0.729939678,
        0.7288513780000001,
        0.742328478
      ],
      "exit_codes": [
        0,
        0,
        0,
        0,
        0,
        0,
        0,
        0,
        0,
        0,
        0,
        0,
        0,
        0,
        0
      ]
    }
  ]
}
