{
  "results": [
    {
      "command": "C:\\Users\\test\\Documents\\research\\research\\artifacts\\installed\\python\\python.exe C:\\Users\\test\\Documents\\research\\research\\artifacts\\system\\are-we-fast-yet\\benchmarks\\Python\\harness.py Queens 10 15",
      "mean": 0.38546344600000004,
      "stddev": 0.01880963854778411,
      "median": 0.38082910600000003,
      "user": 0.36520833333333325,
      "system": 0.018625,
      "min": 0.369761606,
      "max": 0.44640550600000006,
      "times": [
        0.369761606,
        0.38378180600000006,
        0.38082910600000003,
        0.39954930600000005,
        0.37822920600000004,
        0.38833000600000006,
        0.44640550600000006,
        0.381695506,
        0.37937840600000006,
        0.373197906,
        0.38371410600000005,
        0.39536200600000004,
        0.37212610600000007,
        0.373994906,
        0.37559620600000004
      ],
      "exit_codes": [
        0,
        0,
        0,
        0,
        0,
        0,
        0,
        0,
        0,
        0,
        0,
        0,
        0,
        0,
        0
      ]
    }
  ]
}
