{
  "results": [
    {
      "command": "C:\\Users\\test\\Documents\\research\\research\\artifacts\\installed\\python\\python.exe C:\\Users\\test\\Documents\\research\\research\\artifacts\\system\\are-we-fast-yet\\benchmarks\\Python\\harness.py DeltaBlue 10 15",
      "mean": 0.06588092733333334,
      "stddev": 0.0033424578502453356,
      "median": 0.064693334,
      "user": 0.045416666666666675,
      "system": 0.016291666666666666,
      "min": 0.06321693400000002,
      "max": 0.07500703400000001,
      "times": [
        0.06331573400000001,
        0.06606463400000001,
        0.063741634,
        0.06363443400000002,
        0.06492253400000002,
        0.064693334,
        0.06321693400000002,
        0.064538434,
        0.06450023400000002,
        0.06479963400000001,
        0.07500703400000001,
        0.06928883400000001,
        0.07116013400000001,
        0.06493143400000001,
        0.064398934
      ],
      "exit_codes": [
        0,
        0,
        0,
        0,
        0,
        0,
        0,
        0,
        0,
        0,
        0,
        0,
        0,
        0,
        0
      ]
    }
  ]
}
