{
  "results": [
    {
      "command": "C:\\Users\\test\\Documents\\research\\research\\artifacts\\installed\\python\\python.exe C:\\Users\\test\\Documents\\research\\research\\artifacts\\system\\are-we-fast-yet\\benchmarks\\Python\\harness.py Towers 10 15",
      "mean": 0.9312709993333335,
      "stddev": 0.04137904761348718,
      "median": 0.919357606,
      "user": 0.9034375000000003,
      "system": 0.017083333333333336,
      "min": 0.890827406,
      "max": 1.024088106,
      "times": [
        0.979075906,
        0.902120506,
        1.024088106,
        0.940310406,
        0.893381906,
        0.896135106,
        0.927217406,
        0.919357606,
        0.940806906,
        0.890827406,
        0.900490506,
        0.9180918060000001,
        1.004353006,
        0.897963406,
        0.9348450060000001
      ],
      "exit_codes": [
        0,
        0,
        0,
        0,
        0,
        0,
        0,
        0,
        0,
        0,
        0,
        0,
        0,
        0,
        0
      ]
    }
  ]
}
