{
  "results": [
    {
      "command": "C:\\Users\\test\\Documents\\research\\research\\artifacts\\installed\\python\\python.exe C:\\Users\\test\\Documents\\research\\research\\artifacts\\system\\are-we-fast-yet\\benchmarks\\Python\\harness.py List 10 15",
      "mean": 0.3784377120000001,
      "stddev": 0.02892946025038441,
      "median": 0.36785681200000003,
      "user": 0.3541666666666668,
      "system": 0.01575,
      "min": 0.354723312,
      "max": 0.47642171200000005,
      "times": [
        0.36690141200000004,
        0.36727981200000004,
        0.36785681200000003,
        0.37682031200000005,
        0.36337091200000005,
        0.37809691200000006,
        0.38908831200000005,
        0.38602501200000006,
        0.36381291200000004,
        0.47642171200000005,
        0.38014241200000004,
        0.362462912,
        0.36122981200000004,
        0.354723312,
        0.38233311200000003
      ],
      "exit_codes": [
        0,
        0,
        0,
        0,
        0,
        0,
        0,
        0,
        0,
        0,
        0,
        0,
        0,
        0,
        0
      ]
    }
  ]
}
