{
  "results": [
    {
      "command": "C:\\Users\\test\\Documents\\research\\research\\artifacts\\installed\\python\\python.exe C:\\Users\\test\\Documents\\research\\research\\artifacts\\system\\are-we-fast-yet\\benchmarks\\Python\\harness.py DeltaBlue 10 15",
      "mean": 0.067258214,
      "stddev": 0.002305372920809126,
      "median": 0.066203674,
      "user": 0.042604166666666665,
      "system": 0.015249999999999998,
      "min": 0.06538927400000001,
      "max": 0.07228967400000001,
      "times": [
        0.07228967400000001,
        0.070910074,
        0.06538927400000001,
        0.067095074,
        0.06630587400000001,
        0.066203674,
        0.06592207400000001,
        0.06601607400000001,
        0.065587474,
        0.06789977400000001,
        0.07122597400000001,
        0.065684374,
        0.06571307400000001,
        0.065509274,
        0.06712147400000001
      ],
      "exit_codes": [
        0,
        0,
        0,
        0,
        0,
        0,
        0,
        0,
        0,
        0,
        0,
        0,
        0,
        0,
        0
      ]
    }
  ]
}
