{
  "results": [
    {
      "command": "C:\\Users\\test\\Documents\\research\\research\\artifacts\\installed2\\python\\python.exe C:\\Users\\test\\Documents\\research\\research\\system\\are-we-fast-yet\\benchmarks\\Python\\harness.py DeltaBlue 10 15",
      "mean": 0.07075315200000001,
      "stddev": 0.009654073797660069,
      "median": 0.06721232200000002,
      "user": 0.051875000000000004,
      "system": 0.01475,
      "min": 0.060581372,
      "max": 0.08732247200000001,
      "times": [
        0.08732247200000001,
        0.08139137200000002,
        0.06351997200000001,
        0.07688907200000002,
        0.06962807200000001,
        0.06479657200000001,
        0.06132347200000001,
        0.06292067200000001,
        0.060581372,
        0.07915847200000001
      ],
      "exit_codes": [
        0,
        0,
        0,
        0,
        0,
        0,
        0,
        0,
        0,
        0
      ]
    }
  ]
}
