{
  "results": [
    {
      "command": "C:\\Users\\test\\Documents\\research\\research\\artifacts\\installed\\python\\python.exe C:\\Users\\test\\Documents\\research\\research\\artifacts\\system\\are-we-fast-yet\\benchmarks\\Python\\harness.py DeltaBlue 10 15",
      "mean": 0.06282912133333335,
      "stddev": 0.0016941005972266837,
      "median": 0.06214814800000001,
      "user": 0.04916666666666667,
      "system": 0.013708333333333331,
      "min": 0.061582248,
      "max": 0.067668748,
      "times": [
        0.061582248,
        0.061639148,
        0.06180114800000001,
        0.063882948,
        0.061688148000000005,
        0.062576748,
        0.063350348,
        0.062307548,
        0.06214814800000001,
        0.06165154800000001,
        0.067668748,
        0.065386048,
        0.061994448,
        0.062712748,
        0.06204684800000001
      ],
      "exit_codes": [
        0,
        0,
        0,
        0,
        0,
        0,
        0,
        0,
        0,
        0,
        0,
        0,
        0,
        0,
        0
      ]
    }
  ]
}
