{
  "results": [
    {
      "command": "C:\\Users\\test\\Documents\\research\\research\\artifacts\\installed\\python\\python.exe C:\\Users\\test\\Documents\\research\\research\\artifacts\\system\\are-we-fast-yet\\benchmarks\\Python\\harness.py Bounce 10 15",
      "mean": 0.5156552393333335,
      "stddev": 0.018678901687689806,
      "median": 0.510469986,
      "user": 0.4873958333333335,
      "system": 0.023875,
      "min": 0.49700598600000007,
      "max": 0.5705623860000001,
      "times": [
        0.507836986,
        0.49700598600000007,
        0.510189886,
        0.510469986,
        0.5013922860000001,
        0.5153411860000001,
        0.5443463860000001,
        0.516372986,
        0.5705623860000001,
        0.504397186,
        0.5034854860000001,
        0.5128375860000001,
        0.518540486,
        0.5063918860000001,
        0.5156578860000001
      ],
      "exit_codes": [
        0,
        0,
        0,
        0,
        0,
        0,
        0,
        0,
        0,
        0,
        0,
        0,
        0,
        0,
        0
      ]
    }
  ]
}
