{
  "results": [
    {
      "command": "C:\\Users\\test\\Documents\\research\\research\\artifacts\\installed\\python\\python.exe C:\\Users\\test\\Documents\\research\\research\\artifacts\\system\\are-we-fast-yet\\benchmarks\\Python\\harness.py Storage 10 15",
      "mean": 0.457781834,
      "stddev": 0.021101328591556893,
      "median": 0.45020001400000004,
      "user": 0.44197916666666665,
      "system": 0.020979166666666667,
      "min": 0.438755814,
      "max": 0.5076250139999999,
      "times": [
        0.44233771400000005,
        0.447295614,
        0.45020001400000004,
        0.46459701400000003,
        0.443321514,
        0.49836291400000005,
        0.452326614,
        0.46884041400000004,
        0.5076250139999999,
        0.471974414,
        0.44243211400000004,
        0.44272501400000003,
        0.438755814,
        0.45390711400000006,
        0.44202621400000003
      ],
      "exit_codes": [
        0,
        0,
        0,
        0,
        0,
        0,
        0,
        0,
        0,
        0,
        0,
        0,
        0,
        0,
        0
      ]
    }
  ]
}
