{
  "results": [
    {
      "command": "C:\\Users\\test\\Documents\\research\\research\\artifacts\\installed\\python\\python.exe C:\\Users\\test\\Documents\\research\\research\\artifacts\\system\\are-we-fast-yet\\benchmarks\\Python\\harness.py Sieve 10 15",
      "mean": 0.29270293533333336,
      "stddev": 0.038042195736423805,
      "median": 0.28375242200000006,
      "user": 0.27125,
      "system": 0.018583333333333334,
      "min": 0.26284352200000005,
      "max": 0.41206142200000007,
      "times": [
        0.33601652200000004,
        0.26536502200000006,
        0.28375242200000006,
        0.284441822,
        0.31306162200000004,
        0.27008432200000004,
        0.27734682200000005,
        0.26284352200000005,
        0.28743492200000004,
        0.28608552200000004,
        0.288575022,
        0.267626322,
        0.28210672200000003,
        0.27374202200000003,
        0.41206142200000007
      ],
      "exit_codes": [
        0,
        0,
        0,
        0,
        0,
        0,
        0,
        0,
        0,
        0,
        0,
        0,
        0,
        0,
        0
      ]
    }
  ]
}
