{
  "results": [
    {
      "command": "C:\\Users\\test\\Documents\\research\\research\\artifacts\\installed2\\python\\python.exe C:\\Users\\test\\Documents\\research\\research\\system\\are-we-fast-yet\\benchmarks\\Python\\harness.py Json 10 15",
      "mean": 5.158378124,
      "stddev": 1.69227000314974,
      "median": 4.730563214,
      "user": 5.021250000000001,
      "system": 0.04634375,
      "min": 3.7718559640000002,
      "max": 9.517273164,
      "times": [
        3.7718559640000002,
        3.914333564,
        4.122195764,
        4.5210148640000005,
        4.374416164,
        5.080162464,
        4.940111564,
        9.517273164,
        6.232320464,
        5.110097264
      ],
      "exit_codes": [
        0,
        0,
        0,
        0,
        0,
        0,
        0,
        0,
        0,
        0
      ]
    }
  ]
}
