{
  "results": [
    {
      "command": "C:\\Users\\test\\Documents\\research\\research\\artifacts\\installed\\python\\python.exe C:\\Users\\test\\Documents\\research\\research\\artifacts\\system\\are-we-fast-yet\\benchmarks\\Python\\harness.py Json 10 15",
      "mean": 3.5247126826666673,
      "stddev": 0.09155811201157961,
      "median": 3.5190461760000002,
      "user": 3.4955208333333347,
      "system": 0.019916666666666662,
      "min": 3.383221776,
      "max": 3.751751576,
      "times": [
        3.652372676,
        3.5190461760000002,
        3.5264197760000005,
        3.422363576,
        3.547986176,
        3.478441076,
        3.586026576,
        3.383221776,
        3.529334676,
        3.495439176,
        3.461939376,
        3.751751576,
        3.568442876,
        3.4557835760000004,
        3.492121176
      ],
      "exit_codes": [
        0,
        0,
        0,
        0,
        0,
        0,
        0,
        0,
        0,
        0,
        0,
        0,
        0,
        0,
        0
      ]
    }
  ]
}
