{
  "results": [
    {
      "command": "C:\\Users\\test\\Documents\\research\\research\\artifacts\\installed2\\python\\python.exe C:\\Users\\test\\Documents\\research\\research\\system\\are-we-fast-yet\\benchmarks\\Python\\harness.py DeltaBlue 10 15",
      "mean": 0.06736933800000001,
      "stddev": 0.003906652874037086,
      "median": 0.06667689800000001,
      "user": 0.0409375,
      "system": 0.01725,
      "min": 0.062609998,
      "max": 0.074807098,
      "times": [
        0.074807098,
        0.07215399800000001,
        0.06734629800000001,
        0.067875798,
        0.06275029800000001,
        0.065862498,
        0.069449698,
        0.06600749800000001,
        0.062609998,
        0.064830198
      ],
      "exit_codes": [
        0,
        0,
        0,
        0,
        0,
        0,
        0,
        0,
        0,
        0
      ]
    }
  ]
}
