{
  "results": [
    {
      "command": "C:\\Users\\test\\Documents\\research\\research\\artifacts\\installed\\python\\python.exe C:\\Users\\test\\Documents\\research\\research\\artifacts\\system\\are-we-fast-yet\\benchmarks\\Python\\harness.py DeltaBlue 10 15",
      "mean": 0.057995208666666666,
      "stddev": 0.0017529157781359874,
      "median": 0.05719874200000001,
      "user": 0.036041666666666666,
      "system": 0.018625000000000003,
      "min": 0.05671024200000001,
      "max": 0.06299284200000001,
      "times": [
        0.05711044200000001,
        0.06299284200000001,
        0.060001442000000016,
        0.05685034200000001,
        0.059857642,
        0.057412642000000014,
        0.05719874200000001,
        0.057525242000000004,
        0.057182442000000014,
        0.056918542,
        0.056814342000000004,
        0.058999642000000005,
        0.05671024200000001,
        0.05732844200000001,
        0.057025142000000015
      ],
      "exit_codes": [
        0,
        0,
        0,
        0,
        0,
        0,
        0,
        0,
        0,
        0,
        0,
        0,
        0,
        0,
        0
      ]
    }
  ]
}
