{
  "results": [
    {
      "command": "C:\\Users\\test\\Documents\\research\\research\\artifacts\\installed\\python\\python.exe C:\\Users\\test\\Documents\\research\\research\\artifacts\\system\\are-we-fast-yet\\benchmarks\\Python\\harness.py Sieve 10 15",
      "mean": 0.2651510106666667,
      "stddev": 0.0054748634548748235,
      "median": 0.264519444,
      "user": 0.2377083333333333,
      "system": 0.013916666666666666,
      "min": 0.258736144,
      "max": 0.27719614400000003,
      "times": [
        0.259708544,
        0.265920044,
        0.264519444,
        0.271978444,
        0.260334144,
        0.268987444,
        0.27719614400000003,
        0.25999394400000003,
        0.26004814400000004,
        0.26876604400000004,
        0.258736144,
        0.261295844,
        0.262038644,
        0.26846684400000004,
        0.269275344
      ],
      "exit_codes": [
        0,
        0,
        0,
        0,
        0,
        0,
        0,
        0,
        0,
        0,
        0,
        0,
        0,
        0,
        0
      ]
    }
  ]
}
