{
  "results": [
    {
      "command": "C:\\Users\\test\\Documents\\research\\research\\artifacts\\installed\\python\\python.exe C:\\Users\\test\\Documents\\research\\research\\artifacts\\system\\are-we-fast-yet\\benchmarks\\Python\\harness.py DeltaBlue 10 15",
      "mean": 0.06707423666666669,
      "stddev": 0.0056181063591451055,
      "median": 0.06498749000000001,
      "user": 0.04416666666666666,
      "system": 0.014500000000000002,
      "min": 0.06279419,
      "max": 0.08601189000000001,
      "times": [
        0.06498749000000001,
        0.06421589,
        0.06407679,
        0.06447099,
        0.06377339000000001,
        0.06467099000000001,
        0.06747518999999999,
        0.06279419,
        0.08601189000000001,
        0.06697269,
        0.06459669000000001,
        0.06625269,
        0.06770419,
        0.07059519,
        0.06751529
      ],
      "exit_codes": [
        0,
        0,
        0,
        0,
        0,
        0,
        0,
        0,
        0,
        0,
        0,
        0,
        0,
        0,
        0
      ]
    }
  ]
}
