{
  "results": [
    {
      "command": "C:\\Users\\test\\Documents\\research\\research\\artifacts\\installed\\python\\python.exe C:\\Users\\test\\Documents\\research\\research\\artifacts\\system\\are-we-fast-yet\\benchmarks\\Python\\harness.py Sieve 10 15",
      "mean": 0.18150348133333338,
      "stddev": 0.015981060236885173,
      "median": 0.175378008,
      "user": 0.16520833333333335,
      "system": 0.01364583333333333,
      "min": 0.17160060800000002,
      "max": 0.233083008,
      "times": [
        0.174454208,
        0.175598308,
        0.173061608,
        0.189572708,
        0.177592408,
        0.17160060800000002,
        0.175378008,
        0.19844060800000002,
        0.233083008,
        0.173712008,
        0.180516208,
        0.172574308,
        0.174689808,
        0.17379490800000003,
        0.178483508
      ],
      "exit_codes": [
        0,
        0,
        0,
        0,
        0,
        0,
        0,
        0,
        0,
        0,
        0,
        0,
        0,
        0,
        0
      ]
    }
  ]
}
