{
  "results": [
    {
      "command": "C:\\Users\\test\\Documents\\research\\research\\artifacts\\installed\\python\\python.exe C:\\Users\\test\\Documents\\research\\research\\artifacts\\system\\are-we-fast-yet\\benchmarks\\Python\\harness.py Sieve 10 15",
      "mean": 0.27115654200000006,
      "stddev": 0.033849536806858344,
      "median": 0.27987066200000005,
      "user": 0.25583333333333336,
      "system": 0.011104166666666667,
      "min": 0.21539096200000002,
      "max": 0.33336896200000005,
      "times": [
        0.297484762,
        0.27895386200000005,
        0.29013296200000005,
        0.27987066200000005,
        0.29135166200000007,
        0.33336896200000005,
        0.290091262,
        0.27991506200000005,
        0.279012262,
        0.292643162,
        0.220493262,
        0.25876676200000004,
        0.21539096200000002,
        0.21604536200000002,
        0.24382716200000001
      ],
      "exit_codes": [
        0,
        0,
        0,
        0,
        0,
        0,
        0,
        0,
        0,
        0,
        0,
        0,
        0,
        0,
        0
      ]
    }
  ]
}
