{
  "results": [
    {
      "command": "C:\\Users\\test\\Documents\\research\\research\\artifacts\\installed\\python\\python.exe C:\\Users\\test\\Documents\\research\\research\\artifacts\\system\\are-we-fast-yet\\benchmarks\\Python\\harness.py Sieve 10 15",
      "mean": 0.25017051133333335,
      "stddev": 0.005129306591659158,
      "median": 0.24761005800000002,
      "user": 0.2297916666666667,
      "system": 0.012416666666666666,
      "min": 0.245188758,
      "max": 0.261325658,
      "times": [
        0.253873758,
        0.245188758,
        0.253901558,
        0.255455058,
        0.261325658,
        0.25401765800000004,
        0.24544595800000002,
        0.24611075800000004,
        0.24619575800000004,
        0.24569285800000001,
        0.24924585800000004,
        0.246661358,
        0.24761005800000002,
        0.25607535800000003,
        0.24575725800000003
      ],
      "exit_codes": [
        0,
        0,
        0,
        0,
        0,
        0,
        0,
        0,
        0,
        0,
        0,
        0,
        0,
        0,
        0
      ]
    }
  ]
}
