{
  "results": [
    {
      "command": "C:\\Users\\test\\Documents\\research\\research\\artifacts\\installed2\\python\\python.exe C:\\Users\\test\\Documents\\research\\research\\system\\are-we-fast-yet\\benchmarks\\Python\\harness.py DeltaBlue 10 15",
      "mean": 0.06918563400000002,
      "stddev": 0.012742338946363025,
      "median": 0.06370816400000001,
      "user": 0.053750000000000006,
      "system": 0.009874999999999998,
      "min": 0.05959241400000001,
      "max": 0.097589614,
      "times": [
        0.086024214,
        0.097589614,
        0.071182114,
        0.06167721400000001,
        0.06010161400000001,
        0.05959241400000001,
        0.060900414,
        0.06227091400000001,
        0.06514541400000001,
        0.067372414
      ],
      "exit_codes": [
        0,
        0,
        0,
        0,
        0,
        0,
        0,
        0,
        0,
        0
      ]
    }
  ]
}
