{
  "results": [
    {
      "command": "C:\\Users\\test\\Documents\\research\\research\\artifacts\\installed\\python\\python.exe C:\\Users\\test\\Documents\\research\\research\\artifacts\\system\\are-we-fast-yet\\benchmarks\\Python\\harness.py DeltaBlue 10 15",
      "mean": 0.06572435199999999,
      "stddev": 0.0027946578004675792,
      "median": 0.064588932,
      "user": 0.041458333333333326,
      "system": 0.02045833333333334,
      "min": 0.06368673200000001,
      "max": 0.07385973200000001,
      "times": [
        0.064813432,
        0.067554032,
        0.06368673200000001,
        0.064588932,
        0.063810632,
        0.064472732,
        0.06490383200000001,
        0.06442763200000001,
        0.06445693200000001,
        0.064739632,
        0.06453233200000001,
        0.07385973200000001,
        0.07009913200000001,
        0.064051432,
        0.06586813200000001
      ],
      "exit_codes": [
        0,
        0,
        0,
        0,
        0,
        0,
        0,
        0,
        0,
        0,
        0,
        0,
        0,
        0,
        0
      ]
    }
  ]
}
