{
  "results": [
    {
      "command": "C:\\Users\\test\\Documents\\research\\research\\artifacts\\installed\\python\\python.exe C:\\Users\\test\\Documents\\research\\research\\artifacts\\system\\are-we-fast-yet\\benchmarks\\Python\\harness.py Sieve 10 15",
      "mean": 0.255332382,
      "stddev": 0.007365396620588145,
      "median": 0.250901382,
      "user": 0.24249999999999997,
      "system": 0.016874999999999998,
      "min": 0.24837188200000002,
      "max": 0.269736082,
      "times": [
        0.249983582,
        0.24888588200000003,
        0.260387182,
        0.25812188199999997,
        0.24942238200000003,
        0.24837188200000002,
        0.258821882,
        0.257449782,
        0.24918318200000003,
        0.249548882,
        0.269102982,
        0.249212782,
        0.260855982,
        0.250901382,
        0.269736082
      ],
      "exit_codes": [
        0,
        0,
        0,
        0,
        0,
        0,
        0,
        0,
        0,
        0,
        0,
        0,
        0,
        0,
        0
      ]
    }
  ]
}
