{
  "results": [
    {
      "command": "C:\\Users\\test\\Documents\\research\\research\\artifacts\\installed\\python\\python.exe C:\\Users\\test\\Documents\\research\\research\\artifacts\\system\\are-we-fast-yet\\benchmarks\\Python\\harness.py Bounce 10 15",
      "mean": 0.43394957000000006,
      "stddev": 0.010934813118580753,
      "median": 0.43235211,
      "user": 0.4067708333333332,
      "system": 0.024270833333333335,
      "min": 0.42167691,
      "max": 0.45614371000000004,
      "times": [
        0.42167691,
        0.43235211,
        0.42638661000000005,
        0.42242491000000004,
        0.43383661,
        0.44196181,
        0.42777381000000003,
        0.43954631000000005,
        0.42321771,
        0.43334751000000005,
        0.45044301000000003,
        0.42589781000000004,
        0.42634531000000003,
        0.44788941000000004,
        0.45614371000000004
      ],
      "exit_codes": [
        0,
        0,
        0,
        0,
        0,
        0,
        0,
        0,
        0,
        0,
        0,
        0,
        0,
        0,
        0
      ]
    }
  ]
}
