{
  "results": [
    {
      "command": "C:\\Users\\test\\Documents\\research\\research\\artifacts\\installed\\python\\python.exe C:\\Users\\test\\Documents\\research\\research\\artifacts\\system\\are-we-fast-yet\\benchmarks\\Python\\harness.py Json 10 15",
      "mean": 3.477103777333333,
      "stddev": 0.14411141384914586,
      "median": 3.426642764,
      "user": 3.4513541666666674,
      "system": 0.015625000000000003,
      "min": 3.3455910639999997,
      "max": 3.8841212639999996,
      "times": [
        3.4358883639999998,
        3.665946664,
        3.5222079639999997,
        3.433396464,
        3.426642764,
        3.5739197639999998,
        3.4164452639999996,
        3.414422464,
        3.3910830639999996,
        3.3978344639999998,
        3.537847764,
        3.3455910639999997,
        3.349931764,
        3.361277564,
        3.8841212639999996
      ],
      "exit_codes": [
        0,
        0,
        0,
        0,
        0,
        0,
        0,
        0,
        0,
        0,
        0,
        0,
        0,
        0,
        0
      ]
    }
  ]
}
