{
  "results": [
    {
      "command": "C:\\Users\\test\\Documents\\research\\research\\artifacts\\installed\\python\\python.exe C:\\Users\\test\\Documents\\research\\research\\artifacts\\system\\are-we-fast-yet\\benchmarks\\Python\\harness.py Json 10 15",
      "mean": 4.096822133999999,
      "stddev": 0.07692335285273254,
      "median": 4.0862077139999995,
      "user": 4.050312500000001,
      "system": 0.03116666666666667,
      "min": 3.9959110140000003,
      "max": 4.289128614,
      "times": [
        4.170283614,
        4.180543414,
        4.046896314,
        4.033695914,
        4.016180414,
        4.037264614,
        4.0862077139999995,
        4.1475520139999995,
        4.078502814,
        4.089684914,
        3.9959110140000003,
        4.118185513999999,
        4.0442561139999995,
        4.289128614,
        4.118039014
      ],
      "exit_codes": [
        0,
        0,
        0,
        0,
        0,
        0,
        0,
        0,
        0,
        0,
        0,
        0,
        0,
        0,
        0
      ]
    }
  ]
}
