{
  "results": [
    {
      "command": "C:\\Users\\test\\Documents\\research\\research\\artifacts\\installed\\python\\python.exe C:\\Users\\test\\Documents\\research\\research\\artifacts\\system\\are-we-fast-yet\\benchmarks\\Python\\harness.py Storage 10 15",
      "mean": 0.5699866320000001,
      "stddev": 0.012370893064182091,
      "median": 0.568660072,
      "user": 0.5426041666666668,
      "system": 0.013166666666666667,
      "min": 0.5570325720000001,
      "max": 0.5912087720000001,
      "times": [
        0.5570448720000001,
        0.568660072,
        0.5905914720000001,
        0.5912087720000001,
        0.5781110720000001,
        0.589191572,
        0.571230172,
        0.5641290720000001,
        0.5710254720000001,
        0.5571296720000001,
        0.5570325720000001,
        0.558273172,
        0.560485772,
        0.5731726720000001,
        0.5625130720000001
      ],
      "exit_codes": [
        0,
        0,
        0,
        0,
        0,
        0,
        0,
        0,
        0,
        0,
        0,
        0,
        0,
        0,
        0
      ]
    }
  ]
}
