{
  "results": [
    {
      "command": "C:\\Users\\test\\Documents\\research\\research\\artifacts\\installed\\python\\python.exe C:\\Users\\test\\Documents\\research\\research\\artifacts\\system\\are-we-fast-yet\\benchmarks\\Python\\harness.py DeltaBlue 10 15",
      "mean": 0.06209964066666667,
      "stddev": 0.0016140397989723367,
      "median": 0.06169665400000001,
      "user": 0.04177083333333333,
      "system": 0.0183125,
      "min": 0.06053355400000001,
      "max": 0.066147554,
      "times": [
        0.06210875400000001,
        0.060865854000000004,
        0.062849254,
        0.061222454,
        0.06095825400000001,
        0.06053355400000001,
        0.06091195400000001,
        0.06169665400000001,
        0.066147554,
        0.062428454,
        0.062064054,
        0.06513155400000001,
        0.061617554,
        0.062373854,
        0.060584854
      ],
      "exit_codes": [
        0,
        0,
        0,
        0,
        0,
        0,
        0,
        0,
        0,
        0,
        0,
        0,
        0,
        0,
        0
      ]
    }
  ]
}
