{
  "results": [
    {
      "command": "C:\\Users\\test\\Documents\\research\\research\\artifacts\\installed\\python\\python.exe C:\\Users\\test\\Documents\\research\\research\\artifacts\\system\\are-we-fast-yet\\benchmarks\\Python\\harness.py Queens 10 15",
      "mean": 0.28938686266666674,
      "stddev": 0.013526302032857875,
      "median": 0.285491716,
      "user": 0.2730208333333334,
      "system": 0.017291666666666664,
      "min": 0.273193416,
      "max": 0.31390311600000004,
      "times": [
        0.291905316,
        0.285491716,
        0.28479441600000005,
        0.27697191600000004,
        0.299644516,
        0.27319421600000005,
        0.279004016,
        0.28320551600000005,
        0.300854416,
        0.289189116,
        0.31390311600000004,
        0.273193416,
        0.301426316,
        0.27572691600000004,
        0.312298016
      ],
      "exit_codes": [
        0,
        0,
        0,
        0,
        0,
        0,
        0,
        0,
        0,
        0,
        0,
        0,
        0,
        0,
        0
      ]
    }
  ]
}
