{
  "results": [
    {
      "command": "C:\\Users\\test\\Documents\\research\\research\\artifacts\\installed2\\python\\python.exe C:\\Users\\test\\Documents\\research\\research\\system\\are-we-fast-yet\\benchmarks\\Python\\harness.py DeltaBlue 10 15",
      "mean": 0.082891462,
      "stddev": 0.012711139017220726,
      "median": 0.078657282,
      "user": 0.0565625,
      "system": 0.019062499999999996,
      "min": 0.067787382,
      "max": 0.10712638199999999,
      "times": [
        0.06946298199999999,
        0.079540182,
        0.077774382,
        0.067787382,
        0.073109782,
        0.090371282,
        0.097299182,
        0.08876788199999999,
        0.10712638199999999,
        0.077675182
      ],
      "exit_codes": [
        0,
        0,
        0,
        0,
        0,
        0,
        0,
        0,
        0,
        0
      ]
    }
  ]
}
