{
  "results": [
    {
      "command": "C:\\Users\\test\\Documents\\research\\research\\artifacts\\installed\\python\\python.exe C:\\Users\\test\\Documents\\research\\research\\artifacts\\system\\are-we-fast-yet\\benchmarks\\Python\\harness.py Sieve 10 15",
      "mean": 0.20530021,
      "stddev": 0.004443336044942552,
      "median": 0.20311067000000002,
      "user": 0.1898958333333333,
      "system": 0.012916666666666668,
      "min": 0.20121357,
      "max": 0.21371987,
      "times": [
        0.20293527000000003,
        0.21120697000000002,
        0.20121357,
        0.20139407,
        0.20313327000000003,
        0.20242457000000003,
        0.21371987,
        0.20480157000000002,
        0.20389427000000002,
        0.20232157,
        0.20283287000000003,
        0.20311067000000002,
        0.21194327000000002,
        0.21208747000000003,
        0.20248387
      ],
      "exit_codes": [
        0,
        0,
        0,
        0,
        0,
        0,
        0,
        0,
        0,
        0,
        0,
        0,
        0,
        0,
        0
      ]
    }
  ]
}
