{
  "results": [
    {
      "command": "C:\\Users\\test\\Documents\\research\\research\\artifacts\\installed2\\python\\python.exe C:\\Users\\test\\Documents\\research\\research\\system\\are-we-fast-yet\\benchmarks\\Python\\harness.py DeltaBlue 10 15",
      "mean": 0.07317689399999999,
      "stddev": 0.003469363528820682,
      "median": 0.072272014,
      "user": 0.042812499999999996,
      "system": 0.028437500000000004,
      "min": 0.069417514,
      "max": 0.080856714,
      "times": [
        0.080856714,
        0.074064914,
        0.071254714,
        0.069417514,
        0.071549914,
        0.07146261400000001,
        0.069618714,
        0.076625714,
        0.072994114,
        0.073924014
      ],
      "exit_codes": [
        0,
        0,
        0,
        0,
        0,
        0,
        0,
        0,
        0,
        0
      ]
    }
  ]
}
