{
  "results": [
    {
      "command": "C:\\Users\\test\\Documents\\research\\research\\artifacts\\installed\\python\\python.exe C:\\Users\\test\\Documents\\research\\research\\artifacts\\system\\are-we-fast-yet\\benchmarks\\Python\\harness.py DeltaBlue 10 15",
      "mean": 0.1560518966666667,
      "stddev": 0.017139691121381997,
      "median": 0.15269697,
      "user": 0.08166666666666665,
      "system": 0.032291666666666656,
      "min": 0.12948607,
      "max": 0.19258527000000003,
      "times": [
        0.14242467000000003,
        0.17455007,
        0.15172187000000004,
        0.17240907,
        0.17107507,
        0.12948607,
        0.14739117000000002,
        0.16084387,
        0.15269697,
        0.15638447,
        0.15126877,
        0.16449947000000004,
        0.19258527000000003,
        0.13033757,
        0.14310407000000003
      ],
      "exit_codes": [
        0,
        0,
        0,
        0,
        0,
        0,
        0,
        0,
        0,
        0,
        0,
        0,
        0,
        0,
        0
      ]
    }
  ]
}
