{
  "results": [
    {
      "command": "C:\\Users\\test\\Documents\\research\\research\\artifacts\\installed\\python\\python.exe C:\\Users\\test\\Documents\\research\\research\\artifacts\\system\\are-we-fast-yet\\benchmarks\\Python\\harness.py Permute 10 15",
      "mean": 0.7989459166666667,
      "stddev": 0.011537312883699628,
      "median": 0.7948689100000002,
      "user": 0.7772916666666667,
      "system": 0.015833333333333335,
      "min": 0.78185971,
      "max": 0.8263452100000002,
      "times": [
        0.8263452100000002,
        0.80634271,
        0.7959116100000001,
        0.7901808100000001,
        0.79856141,
        0.8046342100000001,
        0.7948689100000002,
        0.7926202100000002,
        0.8159386100000001,
        0.78185971,
        0.7937272100000001,
        0.79003921,
        0.80874621,
        0.7943018100000001,
        0.7901109100000001
      ],
      "exit_codes": [
        0,
        0,
        0,
        0,
        0,
        0,
        0,
        0,
        0,
        0,
        0,
        0,
        0,
        0,
        0
      ]
    }
  ]
}
