{
  "results": [
    {
      "command": "C:\\Users\\test\\Documents\\research\\research\\artifacts\\installed\\python\\python.exe C:\\Users\\test\\Documents\\research\\research\\artifacts\\system\\are-we-fast-yet\\benchmarks\\Python\\harness.py Json 10 15",
      "mean": 3.714590202666666,
      "stddev": 0.22008719438172292,
      "median": 3.659616856,
      "user": 3.696875000000001,
      "system": 0.01354166666666667,
      "min": 3.467071256,
      "max": 4.2246670559999995,
      "times": [
        3.659616856,
        3.506988856,
        3.5509656560000002,
        3.964165956,
        4.2246670559999995,
        3.467071256,
        3.813553256,
        3.707525456,
        3.824757156,
        4.039850356,
        3.680542656,
        3.5645628560000002,
        3.513118156,
        3.558589756,
        3.6428777560000003
      ],
      "exit_codes": [
        0,
        0,
        0,
        0,
        0,
        0,
        0,
        0,
        0,
        0,
        0,
        0,
        0,
        0,
        0
      ]
    }
  ]
}
