{
  "results": [
    {
      "command": "C:\\Users\\test\\Documents\\research\\research\\artifacts\\installed\\python\\python.exe C:\\Users\\test\\Documents\\research\\research\\artifacts\\system\\are-we-fast-yet\\benchmarks\\Python\\harness.py Sieve 10 15",
      "mean": 0.18313427200000004,
      "stddev": 0.003833951925848094,
      "median": 0.181476132,
      "user": 0.17760416666666673,
      "system": 0.009125,
      "min": 0.18022143200000001,
      "max": 0.19303253200000003,
      "times": [
        0.18503523200000002,
        0.18129833200000003,
        0.18022143200000001,
        0.18048343200000003,
        0.19303253200000003,
        0.181005032,
        0.18284633200000003,
        0.18136363200000002,
        0.181829332,
        0.184559932,
        0.18161683200000003,
        0.180258032,
        0.181295532,
        0.19069233200000002,
        0.181476132
      ],
      "exit_codes": [
        0,
        0,
        0,
        0,
        0,
        0,
        0,
        0,
        0,
        0,
        0,
        0,
        0,
        0,
        0
      ]
    }
  ]
}
