{
  "results": [
    {
      "command": "C:\\Users\\test\\Documents\\research\\research\\artifacts\\installed\\python\\python.exe C:\\Users\\test\\Documents\\research\\research\\artifacts\\system\\are-we-fast-yet\\benchmarks\\Python\\harness.py Queens 10 15",
      "mean": 0.38006631666666674,
      "stddev": 0.01748143527729046,
      "median": 0.37785363000000005,
      "user": 0.360625,
      "system": 0.013916666666666666,
      "min": 0.35853143000000004,
      "max": 0.42255823000000003,
      "times": [
        0.36541373000000005,
        0.39073893000000004,
        0.38117743000000004,
        0.38742853000000005,
        0.39671823,
        0.42255823000000003,
        0.40114603000000004,
        0.37371313,
        0.35853143000000004,
        0.37886553,
        0.36423753000000003,
        0.37785363000000005,
        0.36131483000000003,
        0.37686023,
        0.36443733
      ],
      "exit_codes": [
        0,
        0,
        0,
        0,
        0,
        0,
        0,
        0,
        0,
        0,
        0,
        0,
        0,
        0,
        0
      ]
    }
  ]
}
