{
  "results": [
    {
      "command": "C:\\Users\\test\\Documents\\research\\research\\artifacts\\installed2\\python\\python.exe C:\\Users\\test\\Documents\\research\\research\\system\\are-we-fast-yet\\benchmarks\\Python\\harness.py DeltaBlue 10 15",
      "mean": 0.065183916,
      "stddev": 0.002963747203963253,
      "median": 0.064195786,
      "user": 0.036250000000000004,
      "system": 0.01865625,
      "min": 0.062402786,
      "max": 0.070866086,
      "times": [
        0.069884586,
        0.06343478599999999,
        0.063485686,
        0.06254628599999999,
        0.063259786,
        0.070866086,
        0.065423886,
        0.064905886,
        0.065629386,
        0.062402786
      ],
      "exit_codes": [
        0,
        0,
        0,
        0,
        0,
        0,
        0,
        0,
        0,
        0
      ]
    }
  ]
}
