{
  "results": [
    {
      "command": "C:\\Users\\test\\Documents\\research\\research\\artifacts\\installed\\python\\python.exe C:\\Users\\test\\Documents\\research\\research\\artifacts\\system\\are-we-fast-yet\\benchmarks\\Python\\harness.py DeltaBlue 10 15",
      "mean": 0.06747649733333333,
      "stddev": 0.0018351216202851786,
      "median": 0.066820044,
      "user": 0.046458333333333345,
      "system": 0.009020833333333334,
      "min": 0.065056844,
      "max": 0.07053404399999999,
      "times": [
        0.07010714400000001,
        0.07005034400000001,
        0.069341544,
        0.068416544,
        0.065056844,
        0.067738344,
        0.06577934399999999,
        0.06612854400000001,
        0.065170644,
        0.06619404400000001,
        0.066505544,
        0.067754544,
        0.066549944,
        0.066820044,
        0.07053404399999999
      ],
      "exit_codes": [
        0,
        0,
        0,
        0,
        0,
        0,
        0,
        0,
        0,
        0,
        0,
        0,
        0,
        0,
        0
      ]
    }
  ]
}
