{
  "results": [
    {
      "command": "C:\\Users\\test\\Documents\\research\\research\\artifacts\\installed2\\python\\python.exe C:\\Users\\test\\Documents\\research\\research\\system\\are-we-fast-yet\\benchmarks\\Python\\harness.py Json 10 15",
      "mean": 4.0178197220000005,
      "stddev": 0.21150723384596773,
      "median": 4.082456152000001,
      "user": 3.972812500000001,
      "system": 0.022187500000000006,
      "min": 3.5529342020000003,
      "max": 4.294713702,
      "times": [
        4.126574702,
        4.043389402,
        3.5529342020000003,
        3.9052795020000004,
        3.8694443020000002,
        4.153237602,
        4.294713702,
        4.121522902000001,
        4.179500802000001,
        3.931600102
      ],
      "exit_codes": [
        0,
        0,
        0,
        0,
        0,
        0,
        0,
        0,
        0,
        0
      ]
    }
  ]
}
