{
  "results": [
    {
      "command": "C:\\Users\\test\\Documents\\research\\research\\artifacts\\installed\\python\\python.exe C:\\Users\\test\\Documents\\research\\research\\artifacts\\system\\are-we-fast-yet\\benchmarks\\Python\\harness.py Towers 10 15",
      "mean": 0.9468248706666667,
      "stddev": 0.016963522846544527,
      "median": 0.949137204,
      "user": 0.9178125000000004,
      "system": 0.018895833333333334,
      "min": 0.918833004,
      "max": 0.970480004,
      "times": [
        0.9194874040000001,
        0.9541778040000001,
        0.970480004,
        0.9275401040000001,
        0.9325583040000001,
        0.933464304,
        0.9497490040000001,
        0.966465204,
        0.9541812040000001,
        0.949137204,
        0.948905104,
        0.918833004,
        0.9690687040000001,
        0.9482621040000001,
        0.960063604
      ],
      "exit_codes": [
        0,
        0,
        0,
        0,
        0,
        0,
        0,
        0,
        0,
        0,
        0,
        0,
        0,
        0,
        0
      ]
    }
  ]
}
