{
  "results": [
    {
      "command": "C:\\Users\\test\\Documents\\research\\research\\artifacts\\installed\\python\\python.exe C:\\Users\\test\\Documents\\research\\research\\artifacts\\system\\are-we-fast-yet\\benchmarks\\Python\\harness.py Sieve 10 15",
      "mean": 0.24609307933333335,
      "stddev": 0.026930971849761873,
      "median": 0.237079866,
      "user": 0.2194791666666667,
      "system": 0.022500000000000006,
      "min": 0.22583566600000002,
      "max": 0.329963866,
      "times": [
        0.22583566600000002,
        0.227325266,
        0.233391166,
        0.23882946600000002,
        0.329963866,
        0.23620886600000002,
        0.27570436600000003,
        0.237079866,
        0.238669066,
        0.227559366,
        0.226991366,
        0.261168966,
        0.247337566,
        0.248636466,
        0.236694866
      ],
      "exit_codes": [
        0,
        0,
        0,
        0,
        0,
        0,
        0,
        0,
        0,
        0,
        0,
        0,
        0,
        0,
        0
      ]
    }
  ]
}
