{
  "results": [
    {
      "command": "C:\\Users\\test\\Documents\\research\\research\\artifacts\\installed\\python\\python.exe C:\\Users\\test\\Documents\\research\\research\\artifacts\\system\\are-we-fast-yet\\benchmarks\\Python\\harness.py List 10 15",
      "mean": 0.3373638793333333,
      "stddev": 0.05478463062316274,
      "median": 0.342780906,
      "user": 0.3179166666666667,
      "system": 0.013145833333333334,
      "min": 0.276285806,
      "max": 0.40935750600000004,
      "times": [
        0.28307150600000003,
        0.277846606,
        0.28593260600000003,
        0.283922206,
        0.295901206,
        0.276285806,
        0.37632380600000004,
        0.27662190600000003,
        0.39464920600000003,
        0.40935750600000004,
        0.386405506,
        0.390088506,
        0.387811206,
        0.393459706,
        0.342780906
      ],
      "exit_codes": [
        0,
        0,
        0,
        0,
        0,
        0,
        0,
        0,
        0,
        0,
        0,
        0,
        0,
        0,
        0
      ]
    }
  ]
}
