{
  "results": [
    {
      "command": "C:\\Users\\test\\Documents\\research\\research\\artifacts\\installed\\python\\python.exe C:\\Users\\test\\Documents\\research\\research\\artifacts\\system\\are-we-fast-yet\\benchmarks\\Python\\harness.py List 10 15",
      "mean": 0.19079787200000003,
      "stddev": 0.009795387017235641,
      "median": 0.190768652,
      "user": 0.17510416666666667,
      "system": 0.013166666666666667,
      "min": 0.18199715200000002,
      "max": 0.219565952,
      "times": [
        0.185325752,
        0.219565952,
        0.18364575200000002,
        0.202843652,
        0.190768652,
        0.19186345200000002,
        0.183143152,
        0.191379552,
        0.19434225200000002,
        0.192201852,
        0.192497952,
        0.184827652,
        0.184271552,
        0.183293752,
        0.18199715200000002
      ],
      "exit_codes": [
        0,
        0,
        0,
        0,
        0,
        0,
        0,
        0,
        0,
        0,
        0,
        0,
        0,
        0,
        0
      ]
    }
  ]
}
