{
  "results": [
    {
      "command": "C:\\Users\\test\\Documents\\research\\research\\artifacts\\installed\\python\\python.exe C:\\Users\\test\\Documents\\research\\research\\artifacts\\system\\are-we-fast-yet\\benchmarks\\Python\\harness.py Towers 10 15",
      "mean": 1.0074927786666668,
      "stddev": 0.056169881072137696,
      "median": 0.996711312,
      "user": 0.9835416666666668,
      "system": 0.014958333333333336,
      "min": 0.965017612,
      "max": 1.185312012,
      "times": [
        0.9798641120000001,
        1.004834912,
        0.9765981120000001,
        0.996711312,
        0.9676441120000001,
        0.9991410119999999,
        0.965017612,
        0.9985430120000001,
        1.025640312,
        1.185312012,
        1.002435112,
        0.9762503120000001,
        0.980957312,
        0.9798519120000001,
        1.073590512
      ],
      "exit_codes": [
        0,
        0,
        0,
        0,
        0,
        0,
        0,
        0,
        0,
        0,
        0,
        0,
        0,
        0,
        0
      ]
    }
  ]
}
