{
  "results": [
    {
      "command": "C:\\Users\\test\\Documents\\research\\research\\artifacts\\installed\\python\\python.exe C:\\Users\\test\\Documents\\research\\research\\artifacts\\system\\are-we-fast-yet\\benchmarks\\Python\\harness.py Towers 10 15",
      "mean": 0.9807884746666669,
      "stddev": 0.08681344484875493,
      "median": 0.950063148,
      "user": 0.9520833333333331,
      "system": 0.021562499999999995,
      "min": 0.923786148,
      "max": 1.255392548,
      "times": [
        0.942336248,
        1.0873901480000001,
        1.255392548,
        0.923786148,
        0.963497648,
        0.9554912480000001,
        0.934238448,
        0.9584758480000001,
        0.960168148,
        0.933637248,
        0.950063148,
        0.9439092480000001,
        0.929859948,
        1.024146148,
        0.9494349480000001
      ],
      "exit_codes": [
        0,
        0,
        0,
        0,
        0,
        0,
        0,
        0,
        0,
        0,
        0,
        0,
        0,
        0,
        0
      ]
    }
  ]
}
