{
  "results": [
    {
      "command": "C:\\Users\\test\\Documents\\research\\research\\artifacts\\installed\\python\\python.exe C:\\Users\\test\\Documents\\research\\research\\artifacts\\system\\are-we-fast-yet\\benchmarks\\Python\\harness.py Richards 10 15",
      "mean": 10.477434758666668,
      "stddev": 1.1497826837202787,
      "median": 10.169287952,
      "user": 10.463333333333333,
      "system": 0.013416666666666667,
      "min": 9.307253552,
      "max": 13.123131152000001,
      "times": [
        9.738812752000001,
        11.636552452,
        10.727016552,
        10.169287952,
        10.699650052,
        12.376969852,
        10.547020452,
        9.726165852000001,
        9.307253552,
        13.123131152000001,
        9.695572252,
        9.570151352,
        9.448869852,
        10.977482452,
        9.417584852000001
      ],
      "exit_codes": [
        0,
        0,
        0,
        0,
        0,
        0,
        0,
        0,
        0,
        0,
        0,
        0,
        0,
        0,
        0
      ]
    }
  ]
}
