{
  "results": [
    {
      "command": "C:\\Users\\test\\Documents\\research\\research\\artifacts\\installed\\python\\python.exe C:\\Users\\test\\Documents\\research\\research\\artifacts\\system\\are-we-fast-yet\\benchmarks\\Python\\harness.py Permute 10 15",
      "mean": 0.5103567306666668,
      "stddev": 0.013003614935002097,
      "median": 0.5076613040000001,
      "user": 0.4980208333333333,
      "system": 0.013229166666666663,
      "min": 0.49374880400000004,
      "max": 0.5360001040000001,
      "times": [
        0.511002304,
        0.5360001040000001,
        0.5306285040000001,
        0.530441904,
        0.49464520400000006,
        0.507333404,
        0.5028657040000001,
        0.49686120400000006,
        0.5090230040000001,
        0.5076613040000001,
        0.5073152040000001,
        0.5107417040000001,
        0.49374880400000004,
        0.5156075040000001,
        0.5014751040000001
      ],
      "exit_codes": [
        0,
        0,
        0,
        0,
        0,
        0,
        0,
        0,
        0,
        0,
        0,
        0,
        0,
        0,
        0
      ]
    }
  ]
}
