{
  "results": [
    {
      "command": "C:\\Users\\test\\Documents\\research\\research\\artifacts\\installed\\python\\python.exe C:\\Users\\test\\Documents\\research\\research\\artifacts\\system\\are-we-fast-yet\\benchmarks\\Python\\harness.py List 10 15",
      "mean": 0.29352524733333335,
      "stddev": 0.01214775824438795,
      "median": 0.29046869399999997,
      "user": 0.26281249999999995,
      "system": 0.015500000000000003,
      "min": 0.278504194,
      "max": 0.32698499400000003,
      "times": [
        0.306943094,
        0.290455794,
        0.29046869399999997,
        0.290130794,
        0.280916394,
        0.300031894,
        0.32698499400000003,
        0.279802494,
        0.298776394,
        0.289487694,
        0.293558594,
        0.278504194,
        0.291419894,
        0.298662594,
        0.286735194
      ],
      "exit_codes": [
        0,
        0,
        0,
        0,
        0,
        0,
        0,
        0,
        0,
        0,
        0,
        0,
        0,
        0,
        0
      ]
    }
  ]
}
