{
  "results": [
    {
      "command": "C:\\Users\\test\\Documents\\research\\research\\artifacts\\installed\\python\\python.exe C:\\Users\\test\\Documents\\research\\research\\artifacts\\system\\are-we-fast-yet\\benchmarks\\Python\\harness.py DeltaBlue 10 15",
      "mean": 0.06545109733333333,
      "stddev": 0.002176037175321449,
      "median": 0.064521144,
      "user": 0.045312499999999985,
      "system": 0.021958333333333323,
      "min": 0.063445844,
      "max": 0.070525844,
      "times": [
        0.063641844,
        0.068473744,
        0.06780824399999999,
        0.06379784399999999,
        0.064148544,
        0.06411914399999999,
        0.064521144,
        0.063445844,
        0.070525844,
        0.06688344400000001,
        0.066071144,
        0.066602944,
        0.06355134400000001,
        0.06364414400000001,
        0.06453124400000002
      ],
      "exit_codes": [
        0,
        0,
        0,
        0,
        0,
        0,
        0,
        0,
        0,
        0,
        0,
        0,
        0,
        0,
        0
      ]
    }
  ]
}
