{
  "results": [
    {
      "command": "C:\\Users\\test\\Documents\\research\\research\\artifacts\\installed\\python\\python.exe C:\\Users\\test\\Documents\\research\\research\\artifacts\\system\\are-we-fast-yet\\benchmarks\\Python\\harness.py Json 10 15",
      "mean": 2.296967569333334,
      "stddev": 0.10770008878290459,
      "median": 2.2894166559999998,
      "user": 2.2773958333333324,
      "system": 0.016874999999999998,
      "min": 2.186129956,
      "max": 2.476237156,
      "times": [
        2.2498052559999997,
        2.476237156,
        2.186129956,
        2.191852156,
        2.3185452559999997,
        2.203225556,
        2.2001526559999998,
        2.448815956,
        2.2894166559999998,
        2.469701556,
        2.379180056,
        2.1885154559999997,
        2.1911058559999996,
        2.307637856,
        2.354192156
      ],
      "exit_codes": [
        0,
        0,
        0,
        0,
        0,
        0,
        0,
        0,
        0,
        0,
        0,
        0,
        0,
        0,
        0
      ]
    }
  ]
}
