{
  "results": [
    {
      "command": "C:\\Users\\test\\Documents\\research\\research\\artifacts\\installed\\python\\python.exe C:\\Users\\test\\Documents\\research\\research\\artifacts\\system\\are-we-fast-yet\\benchmarks\\Python\\harness.py Sieve 10 15",
      "mean": 0.21890766533333333,
      "stddev": 0.0050415045548876,
      "median": 0.215531052,
      "user": 0.19895833333333338,
      "system": 0.010416666666666664,
      "min": 0.21405785200000002,
      "max": 0.22547345200000002,
      "times": [
        0.214453752,
        0.224225052,
        0.215023252,
        0.215089252,
        0.224944052,
        0.215387652,
        0.214236752,
        0.22402865200000002,
        0.225032052,
        0.21637525200000002,
        0.214523752,
        0.215531052,
        0.22523315200000002,
        0.21405785200000002,
        0.22547345200000002
      ],
      "exit_codes": [
        0,
        0,
        0,
        0,
        0,
        0,
        0,
        0,
        0,
        0,
        0,
        0,
        0,
        0,
        0
      ]
    }
  ]
}
