{
  "results": [
    {
      "command": "C:\\Users\\test\\Documents\\research\\research\\artifacts\\installed\\python\\python.exe C:\\Users\\test\\Documents\\research\\research\\artifacts\\system\\are-we-fast-yet\\benchmarks\\Python\\harness.py Permute 10 15",
      "mean": 0.7304742746666667,
      "stddev": 0.07407455005906323,
      "median": 0.707398128,
      "user": 0.7047916666666669,
      "system": 0.019354166666666665,
      "min": 0.687604728,
      "max": 0.9422166280000001,
      "times": [
        0.9422166280000001,
        0.873736728,
        0.688591328,
        0.6908181280000001,
        0.7136701280000001,
        0.7281814280000001,
        0.7178882280000001,
        0.707398128,
        0.708397028,
        0.707873728,
        0.697246428,
        0.687604728,
        0.6955479280000001,
        0.701151728,
        0.6967918280000001
      ],
      "exit_codes": [
        0,
        0,
        0,
        0,
        0,
        0,
        0,
        0,
        0,
        0,
        0,
        0,
        0,
        0,
        0
      ]
    }
  ]
}
