{
  "results": [
    {
      "command": "C:\\Users\\test\\Documents\\research\\research\\artifacts\\installed\\python\\python.exe C:\\Users\\test\\Documents\\research\\research\\artifacts\\system\\are-we-fast-yet\\benchmarks\\Python\\harness.py Towers 10 15",
      "mean": 0.948829994,
      "stddev": 0.013912762198335338,
      "median": 0.945131014,
      "user": 0.928229166666667,
      "system": 0.019083333333333338,
      "min": 0.9310226140000001,
      "max": 0.9809879140000001,
      "times": [
        0.9310226140000001,
        0.9809879140000001,
        0.9399948140000001,
        0.963945614,
        0.938370814,
        0.934905714,
        0.9622226140000001,
        0.964541714,
        0.938202414,
        0.945783814,
        0.942818114,
        0.945131014,
        0.953025514,
        0.9532981140000001,
        0.938199114
      ],
      "exit_codes": [
        0,
        0,
        0,
        0,
        0,
        0,
        0,
        0,
        0,
        0,
        0,
        0,
        0,
        0,
        0
      ]
    }
  ]
}
