{
  "results": [
    {
      "command": "C:\\Users\\test\\Documents\\research\\research\\artifacts\\installed\\python\\python.exe C:\\Users\\test\\Documents\\research\\research\\artifacts\\system\\are-we-fast-yet\\benchmarks\\Python\\harness.py List 10 15",
      "mean": 0.29383026733333334,
      "stddev": 0.009666727119976818,
      "median": 0.292076694,
      "user": 0.2750000000000001,
      "system": 0.018083333333333333,
      "min": 0.28178389400000003,
      "max": 0.31414969400000003,
      "times": [
        0.29807679400000003,
        0.282230394,
        0.294300494,
        0.291329294,
        0.287668894,
        0.28178389400000003,
        0.283234694,
        0.292076694,
        0.301044594,
        0.29732979400000004,
        0.31414969400000003,
        0.288429794,
        0.288326494,
        0.311413094,
        0.29605939400000003
      ],
      "exit_codes": [
        0,
        0,
        0,
        0,
        0,
        0,
        0,
        0,
        0,
        0,
        0,
        0,
        0,
        0,
        0
      ]
    }
  ]
}
