{
  "results": [
    {
      "command": "C:\\Users\\test\\Documents\\research\\research\\artifacts\\installed\\python\\python.exe C:\\Users\\test\\Documents\\research\\research\\artifacts\\system\\are-we-fast-yet\\benchmarks\\Python\\harness.py Permute 10 15",
      "mean": 0.49797290733333344,
      "stddev": 0.024183600847553867,
      "median": 0.4912345740000001,
      "user": 0.48187499999999983,
      "system": 0.015833333333333335,
      "min": 0.47079937400000005,
      "max": 0.562573974,
      "times": [
        0.48283697400000003,
        0.48125347400000007,
        0.509523174,
        0.519052074,
        0.514890674,
        0.504164874,
        0.48218577400000007,
        0.4727190740000001,
        0.503344174,
        0.47079937400000005,
        0.4912345740000001,
        0.513042574,
        0.47392227400000003,
        0.562573974,
        0.48805057400000007
      ],
      "exit_codes": [
        0,
        0,
        0,
        0,
        0,
        0,
        0,
        0,
        0,
        0,
        0,
        0,
        0,
        0,
        0
      ]
    }
  ]
}
