{
  "results": [
    {
      "command": "C:\\Users\\test\\Documents\\research\\research\\artifacts\\installed\\python\\python.exe C:\\Users\\test\\Documents\\research\\research\\artifacts\\system\\are-we-fast-yet\\benchmarks\\Python\\harness.py Queens 10 15",
      "mean": 0.37971830733333334,
      "stddev": 0.009945333827469528,
      "median": 0.37495765400000003,
      "user": 0.3572916666666668,
      "system": 0.0194375,
      "min": 0.36964335400000004,
      "max": 0.39707675400000003,
      "times": [
        0.38291325400000004,
        0.36964335400000004,
        0.377534654,
        0.38452685400000003,
        0.371194554,
        0.39707675400000003,
        0.395290454,
        0.371528254,
        0.388359854,
        0.372037554,
        0.37495765400000003,
        0.37240755400000003,
        0.39466935400000003,
        0.370508554,
        0.373125954
      ],
      "exit_codes": [
        0,
        0,
        0,
        0,
        0,
        0,
        0,
        0,
        0,
        0,
        0,
        0,
        0,
        0,
        0
      ]
    }
  ]
}
