{
  "results": [
    {
      "command": "C:\\Users\\test\\Documents\\research\\research\\artifacts\\installed\\python\\python.exe C:\\Users\\test\\Documents\\research\\research\\artifacts\\system\\are-we-fast-yet\\benchmarks\\Python\\harness.py DeltaBlue 10 15",
      "mean": 0.067518102,
      "stddev": 0.0011866805938053789,
      "median": 0.067181022,
      "user": 0.05166666666666667,
      "system": 0.012666666666666665,
      "min": 0.06624602200000002,
      "max": 0.06922562200000001,
      "times": [
        0.068964722,
        0.06628312200000001,
        0.066530322,
        0.06634662200000001,
        0.06742022200000002,
        0.06908302200000001,
        0.066429022,
        0.066627822,
        0.069142322,
        0.06883892200000001,
        0.06922562200000001,
        0.067181022,
        0.066990322,
        0.06624602200000002,
        0.06746242200000001
      ],
      "exit_codes": [
        0,
        0,
        0,
        0,
        0,
        0,
        0,
        0,
        0,
        0,
        0,
        0,
        0,
        0,
        0
      ]
    }
  ]
}
