{
  "results": [
    {
      "command": "C:\\Users\\test\\Documents\\research\\research\\artifacts\\installed\\python\\python.exe C:\\Users\\test\\Documents\\research\\research\\artifacts\\system\\are-we-fast-yet\\benchmarks\\Python\\harness.py Permute 10 15",
      "mean": 0.7340504173333334,
      "stddev": 0.047324396593479694,
      "median": 0.7147972040000001,
      "user": 0.7178125000000002,
      "system": 0.012395833333333332,
      "min": 0.688631304,
      "max": 0.8602120040000001,
      "times": [
        0.7364524040000001,
        0.7650269040000001,
        0.7147972040000001,
        0.7098485040000001,
        0.7417784040000001,
        0.7702244040000001,
        0.7069821040000001,
        0.7176787040000001,
        0.688631304,
        0.6997500040000001,
        0.700067104,
        0.8602120040000001,
        0.7020004040000001,
        0.8001263040000001,
        0.6971805040000001
      ],
      "exit_codes": [
        0,
        0,
        0,
        0,
        0,
        0,
        0,
        0,
        0,
        0,
        0,
        0,
        0,
        0,
        0
      ]
    }
  ]
}
