{
  "results": [
    {
      "command": "C:\\Users\\test\\Documents\\research\\research\\artifacts\\installed\\python\\python.exe C:\\Users\\test\\Documents\\research\\research\\artifacts\\system\\are-we-fast-yet\\benchmarks\\Python\\harness.py Towers 10 15",
      "mean": 1.583742030666667,
      "stddev": 0.12426818125804641,
      "median": 1.5295787840000001,
      "user": 1.5459375,
      "system": 0.02710416666666666,
      "min": 1.500965984,
      "max": 1.9573378840000002,
      "times": [
        1.570838684,
        1.5394627840000001,
        1.506156684,
        1.609471084,
        1.5087088840000002,
        1.524815184,
        1.513126484,
        1.7418619840000003,
        1.500965984,
        1.6698687840000002,
        1.565923384,
        1.5129634840000001,
        1.505050384,
        1.5295787840000001,
        1.9573378840000002
      ],
      "exit_codes": [
        0,
        0,
        0,
        0,
        0,
        0,
        0,
        0,
        0,
        0,
        0,
        0,
        0,
        0,
        0
      ]
    }
  ]
}
