{
  "results": [
    {
      "command": "C:\\Users\\test\\Documents\\research\\research\\artifacts\\installed\\python\\python.exe C:\\Users\\test\\Documents\\research\\research\\artifacts\\system\\are-we-fast-yet\\benchmarks\\Python\\harness.py Bounce 10 15",
      "mean": 0.416744206,
      "stddev": 0.010684696583699242,
      "median": 0.41681280600000004,
      "user": 0.3936458333333334,
      "system": 0.017041666666666667,
      "min": 0.40202150600000003,
      "max": 0.44306280600000003,
      "times": [
        0.41036920600000004,
        0.40202150600000003,
        0.420860606,
        0.41681280600000004,
        0.405067506,
        0.4169648060000001,
        0.41395760600000003,
        0.44306280600000003,
        0.40723840600000005,
        0.43279680600000003,
        0.41566620600000004,
        0.41955120600000007,
        0.41761210600000004,
        0.42233630600000005,
        0.40684520600000007
      ],
      "exit_codes": [
        0,
        0,
        0,
        0,
        0,
        0,
        0,
        0,
        0,
        0,
        0,
        0,
        0,
        0,
        0
      ]
    }
  ]
}
