{
  "results": [
    {
      "command": "C:\\Users\\test\\Documents\\research\\research\\artifacts\\installed2\\python\\python.exe C:\\Users\\test\\Documents\\research\\research\\system\\are-we-fast-yet\\benchmarks\\Python\\harness.py Json 10 15",
      "mean": 4.166880656,
      "stddev": 0.34254440270825703,
      "median": 4.133382966,
      "user": 4.1425,
      "system": 0.021937500000000002,
      "min": 3.489989966,
      "max": 4.659091066,
      "times": [
        4.222926065999999,
        3.8891510659999997,
        3.489989966,
        4.113601966,
        4.058744666,
        4.659091066,
        4.612485466,
        4.153163966,
        4.072366766,
        4.397285566
      ],
      "exit_codes": [
        0,
        0,
        0,
        0,
        0,
        0,
        0,
        0,
        0,
        0
      ]
    }
  ]
}
