{
  "results": [
    {
      "command": "C:\\Users\\test\\Documents\\research\\research\\artifacts\\installed\\python\\python.exe C:\\Users\\test\\Documents\\research\\research\\artifacts\\system\\are-we-fast-yet\\benchmarks\\Python\\harness.py Json 10 15",
      "mean": 3.3510416246666668,
      "stddev": 0.052955061629904224,
      "median": 3.326272278,
      "user": 3.3255208333333344,
      "system": 0.016583333333333332,
      "min": 3.2924157779999996,
      "max": 3.4622601779999997,
      "times": [
        3.3798678779999998,
        3.326272278,
        3.321104578,
        3.323819978,
        3.3087812779999997,
        3.309273078,
        3.4622601779999997,
        3.400056878,
        3.3168764779999997,
        3.2964045779999998,
        3.448910678,
        3.3708535779999997,
        3.366459478,
        3.2924157779999996,
        3.342267678
      ],
      "exit_codes": [
        0,
        0,
        0,
        0,
        0,
        0,
        0,
        0,
        0,
        0,
        0,
        0,
        0,
        0,
        0
      ]
    }
  ]
}
