{
  "results": [
    {
      "command": "C:\\Users\\test\\Documents\\research\\research\\artifacts\\installed\\python\\python.exe C:\\Users\\test\\Documents\\research\\research\\artifacts\\system\\are-we-fast-yet\\benchmarks\\Python\\harness.py Storage 10 15",
      "mean": 0.6830287446666667,
      "stddev": 0.035829221191285954,
      "median": 0.6752457580000001,
      "user": 0.659375,
      "system": 0.01516666666666667,
      "min": 0.6582723580000001,
      "max": 0.805736658,
      "times": [
        0.6770770580000001,
        0.6655015580000001,
        0.6756136580000001,
        0.6754307580000001,
        0.6655465580000001,
        0.6748856580000001,
        0.6752457580000001,
        0.6648240580000001,
        0.6825523580000001,
        0.6676316580000001,
        0.6845026580000001,
        0.6660326580000001,
        0.6582723580000001,
        0.805736658,
        0.7065777580000001
      ],
      "exit_codes": [
        0,
        0,
        0,
        0,
        0,
        0,
        0,
        0,
        0,
        0,
        0,
        0,
        0,
        0,
        0
      ]
    }
  ]
}
