{
  "results": [
    {
      "command": "C:\\Users\\test\\Documents\\research\\research\\artifacts\\installed\\python\\python.exe C:\\Users\\test\\Documents\\research\\research\\artifacts\\system\\are-we-fast-yet\\benchmarks\\Python\\harness.py DeltaBlue 10 15",
      "mean": 0.06658073,
      "stddev": 0.0019643797178026156,
      "median": 0.06564153,
      "user": 0.046354166666666655,
      "system": 0.015208333333333334,
      "min": 0.06473463,
      "max": 0.07150473,
      "times": [
        0.06528153,
        0.06745773000000001,
        0.06490913000000001,
        0.06473463,
        0.06497393000000001,
        0.06563213000000001,
        0.06701123,
        0.06645353000000001,
        0.06521613000000001,
        0.07150473,
        0.06958753000000001,
        0.06564153,
        0.06556213000000001,
        0.06866833000000001,
        0.06607673000000001
      ],
      "exit_codes": [
        0,
        0,
        0,
        0,
        0,
        0,
        0,
        0,
        0,
        0,
        0,
        0,
        0,
        0,
        0
      ]
    }
  ]
}
