{
  "results": [
    {
      "command": "C:\\Users\\test\\Documents\\research\\research\\artifacts\\installed\\python\\python.exe C:\\Users\\test\\Documents\\research\\research\\artifacts\\system\\are-we-fast-yet\\benchmarks\\Python\\harness.py Permute 10 15",
      "mean": 0.7117530339999999,
      "stddev": 0.042987679096194865,
      "median": 0.696677854,
      "user": 0.6912500000000003,
      "system": 0.015270833333333334,
      "min": 0.6663590540000001,
      "max": 0.7867063540000001,
      "times": [
        0.7867063540000001,
        0.6804322540000001,
        0.698428954,
        0.670151754,
        0.6872200540000001,
        0.7385303540000001,
        0.6663590540000001,
        0.675211254,
        0.7767399540000001,
        0.696677854,
        0.696972954,
        0.758746154,
        0.679415654,
        0.776382754,
        0.688320154
      ],
      "exit_codes": [
        0,
        0,
        0,
        0,
        0,
        0,
        0,
        0,
        0,
        0,
        0,
        0,
        0,
        0,
        0
      ]
    }
  ]
}
