{
  "results": [
    {
      "command": "C:\\Users\\test\\Documents\\research\\research\\artifacts\\installed\\python\\python.exe C:\\Users\\test\\Documents\\research\\research\\artifacts\\system\\are-we-fast-yet\\benchmarks\\Python\\harness.py Sieve 10 15",
      "mean": 0.22230170533333335,
      "stddev": 0.006625427780891551,
      "median": 0.219093052,
      "user": 0.20093750000000005,
      "system": 0.01916666666666667,
      "min": 0.216953052,
      "max": 0.23953605200000003,
      "times": [
        0.216953052,
        0.229797452,
        0.229721552,
        0.21711255200000001,
        0.221368652,
        0.21705665200000002,
        0.219574752,
        0.219093052,
        0.21702005200000002,
        0.21873325200000002,
        0.217503852,
        0.22574765200000002,
        0.226452552,
        0.218854452,
        0.23953605200000003
      ],
      "exit_codes": [
        0,
        0,
        0,
        0,
        0,
        0,
        0,
        0,
        0,
        0,
        0,
        0,
        0,
        0,
        0
      ]
    }
  ]
}
