{
  "results": [
    {
      "command": "C:\\Users\\test\\Documents\\research\\research\\artifacts\\installed\\python\\python.exe C:\\Users\\test\\Documents\\research\\research\\artifacts\\system\\are-we-fast-yet\\benchmarks\\Python\\harness.py Towers 10 15",
      "mean": 0.9495547300000002,
      "stddev": 0.027328447763984992,
      "median": 0.9399150100000001,
      "user": 0.9312499999999998,
      "system": 0.012500000000000004,
      "min": 0.9240028100000001,
      "max": 1.03592931,
      "times": [
        0.93991031,
        0.9323217100000001,
        0.9444242100000001,
        0.9399150100000001,
        0.9240028100000001,
        1.03592931,
        0.94205061,
        0.93783691,
        0.97435391,
        0.9388408100000001,
        0.93339081,
        0.9283512100000001,
        0.95709341,
        0.9545054100000001,
        0.9603945100000001
      ],
      "exit_codes": [
        0,
        0,
        0,
        0,
        0,
        0,
        0,
        0,
        0,
        0,
        0,
        0,
        0,
        0,
        0
      ]
    }
  ]
}
