{
  "results": [
    {
      "command": "C:\\Users\\test\\Documents\\research\\research\\artifacts\\installed\\python\\python.exe C:\\Users\\test\\Documents\\research\\research\\artifacts\\system\\are-we-fast-yet\\benchmarks\\Python\\harness.py Json 10 15",
      "mean": 3.5741970493333337,
      "stddev": 0.40952862805827817,
      "median": 3.3535436360000004,
      "user": 3.5470833333333345,
      "system": 0.02120833333333333,
      "min": 3.233212636,
      "max": 4.526398236,
      "times": [
        4.526398236,
        4.367146036,
        3.347366536,
        3.3535436360000004,
        3.5523121360000003,
        4.039481836,
        3.312837236,
        3.4432602360000004,
        3.233212636,
        3.7096013360000004,
        3.435995036,
        3.2755617360000002,
        3.316025636,
        3.350918536,
        3.349294936
      ],
      "exit_codes": [
        0,
        0,
        0,
        0,
        0,
        0,
        0,
        0,
        0,
        0,
        0,
        0,
        0,
        0,
        0
      ]
    }
  ]
}
