{
  "results": [
    {
      "command": "C:\\Users\\test\\Documents\\research\\research\\artifacts\\installed2\\python\\python.exe C:\\Users\\test\\Documents\\research\\research\\system\\are-we-fast-yet\\benchmarks\\Python\\harness.py Json 10 15",
      "mean": 4.227784334000001,
      "stddev": 0.24176169028513192,
      "median": 4.259856964,
      "user": 4.196875,
      "system": 0.0176875,
      "min": 3.901995414,
      "max": 4.663212714,
      "times": [
        3.901995414,
        4.217988814,
        3.909114114,
        4.663212714,
        4.301725114,
        4.395580114,
        4.340415414000001,
        4.023467514,
        4.123903014000001,
        4.400441114
      ],
      "exit_codes": [
        0,
        0,
        0,
        0,
        0,
        0,
        0,
        0,
        0,
        0
      ]
    }
  ]
}
