{
  "results": [
    {
      "command": "C:\\Users\\test\\Documents\\research\\research\\artifacts\\installed\\python\\python.exe C:\\Users\\test\\Documents\\research\\research\\artifacts\\system\\are-we-fast-yet\\benchmarks\\Python\\harness.py Towers 10 15",
      "mean": 0.9641797719999999,
      "stddev": 0.03501651732749641,
      "median": 0.9544847320000001,
      "user": 0.9411458333333331,
      "system": 0.0198125,
      "min": 0.937511132,
      "max": 1.075438632,
      "times": [
        0.9544847320000001,
        1.075438632,
        0.9461336320000001,
        0.955538532,
        0.9546312320000001,
        0.9586272320000001,
        0.949883232,
        0.942262632,
        0.996237332,
        0.992875232,
        0.944897732,
        0.953039532,
        0.9451934320000001,
        0.9559423320000001,
        0.937511132
      ],
      "exit_codes": [
        0,
        0,
        0,
        0,
        0,
        0,
        0,
        0,
        0,
        0,
        0,
        0,
        0,
        0,
        0
      ]
    }
  ]
}
