{
  "results": [
    {
      "command": "C:\\Users\\test\\Documents\\research\\research\\artifacts\\installed\\python\\python.exe C:\\Users\\test\\Documents\\research\\research\\artifacts\\system\\are-we-fast-yet\\benchmarks\\Python\\harness.py Towers 10 15",
      "mean": 1.2357740806666664,
      "stddev": 0.06910763127907765,
      "median": 1.204343674,
      "user": 1.2176041666666666,
      "system": 0.012875,
      "min": 1.177931974,
      "max": 1.414692474,
      "times": [
        1.194775874,
        1.187155974,
        1.181846974,
        1.269968474,
        1.177931974,
        1.330562974,
        1.193891174,
        1.414692474,
        1.214802374,
        1.185499574,
        1.191043774,
        1.204343674,
        1.305405774,
        1.271947374,
        1.2127427739999999
      ],
      "exit_codes": [
        0,
        0,
        0,
        0,
        0,
        0,
        0,
        0,
        0,
        0,
        0,
        0,
        0,
        0,
        0
      ]
    }
  ]
}
