{
  "results": [
    {
      "command": "C:\\Users\\test\\Documents\\research\\research\\artifacts\\installed\\python\\python.exe C:\\Users\\test\\Documents\\research\\research\\artifacts\\system\\are-we-fast-yet\\benchmarks\\Python\\harness.py Permute 10 15",
      "mean": 0.7154659446666666,
      "stddev": 0.05081072106343961,
      "median": 0.7021489780000001,
      "user": 0.6897916666666667,
      "system": 0.015250000000000003,
      "min": 0.688087478,
      "max": 0.894917178,
      "times": [
        0.706996678,
        0.705689278,
        0.6966581780000001,
        0.6977469780000001,
        0.6940736780000001,
        0.7021489780000001,
        0.688087478,
        0.7060390780000001,
        0.6918323780000001,
        0.696904678,
        0.894917178,
        0.709388578,
        0.716170878,
        0.731064378,
        0.694270778
      ],
      "exit_codes": [
        0,
        0,
        0,
        0,
        0,
        0,
        0,
        0,
        0,
        0,
        0,
        0,
        0,
        0,
        0
      ]
    }
  ]
}
