{
  "results": [
    {
      "command": "C:\\Users\\test\\Documents\\research\\research\\artifacts\\installed2\\python\\python.exe C:\\Users\\test\\Documents\\research\\research\\system\\are-we-fast-yet\\benchmarks\\Python\\harness.py DeltaBlue 10 15",
      "mean": 0.065117224,
      "stddev": 0.004481814237077065,
      "median": 0.06290804400000001,
      "user": 0.04343749999999999,
      "system": 0.017656250000000002,
      "min": 0.061354194,
      "max": 0.07322439400000001,
      "times": [
        0.07322439400000001,
        0.072932594,
        0.06222759400000001,
        0.067334194,
        0.06283659400000001,
        0.062617194,
        0.063047094,
        0.06297949400000001,
        0.061354194,
        0.06261889400000001
      ],
      "exit_codes": [
        0,
        0,
        0,
        0,
        0,
        0,
        0,
        0,
        0,
        0
      ]
    }
  ]
}
