{
  "results": [
    {
      "command": "C:\\Users\\test\\Documents\\research\\research\\artifacts\\installed\\python\\python.exe C:\\Users\\test\\Documents\\research\\research\\artifacts\\system\\are-we-fast-yet\\benchmarks\\Python\\harness.py DeltaBlue 10 15",
      "mean": 0.06428744666666669,
      "stddev": 0.0031449610816276234,
      "median": 0.06253122000000001,
      "user": 0.04020833333333334,
      "system": 0.018083333333333337,
      "min": 0.061690720000000004,
      "max": 0.07010232000000001,
      "times": [
        0.07010232000000001,
        0.06707382,
        0.06587912000000001,
        0.06241742,
        0.06273642,
        0.06253122000000001,
        0.062078720000000004,
        0.07005612000000001,
        0.061690720000000004,
        0.06283232000000001,
        0.06860222,
        0.06235942000000001,
        0.06217592000000001,
        0.062045020000000006,
        0.06173092000000001
      ],
      "exit_codes": [
        0,
        0,
        0,
        0,
        0,
        0,
        0,
        0,
        0,
        0,
        0,
        0,
        0,
        0,
        0
      ]
    }
  ]
}
