{
  "results": [
    {
      "command": "C:\\Users\\test\\Documents\\research\\research\\artifacts\\installed\\python\\python.exe C:\\Users\\test\\Documents\\research\\research\\artifacts\\system\\are-we-fast-yet\\benchmarks\\Python\\harness.py Sieve 10 15",
      "mean": 0.2226691786666667,
      "stddev": 0.019536450985415038,
      "median": 0.213920132,
      "user": 0.19604166666666661,
      "system": 0.018770833333333334,
      "min": 0.207819932,
      "max": 0.26497463200000004,
      "times": [
        0.210903732,
        0.20909893200000002,
        0.21784773200000002,
        0.207819932,
        0.20942803200000001,
        0.208153332,
        0.209764732,
        0.20893793200000002,
        0.214185932,
        0.242028832,
        0.26497463200000004,
        0.23375933200000001,
        0.26245913200000004,
        0.226755332,
        0.213920132
      ],
      "exit_codes": [
        0,
        0,
        0,
        0,
        0,
        0,
        0,
        0,
        0,
        0,
        0,
        0,
        0,
        0,
        0
      ]
    }
  ]
}
