{
  "results": [
    {
      "command": "C:\\Users\\test\\Documents\\research\\research\\artifacts\\installed\\python\\python.exe C:\\Users\\test\\Documents\\research\\research\\artifacts\\system\\are-we-fast-yet\\benchmarks\\Python\\harness.py Bounce 10 15",
      "mean": 0.4193874993333334,
      "stddev": 0.011847814800054096,
      "median": 0.41701250600000006,
      "user": 0.39499999999999996,
      "system": 0.012416666666666668,
      "min": 0.39984100600000005,
      "max": 0.44836610600000004,
      "times": [
        0.41291030600000006,
        0.43501590600000006,
        0.41734660600000006,
        0.42519950600000006,
        0.4215244060000001,
        0.44836610600000004,
        0.41395980600000004,
        0.41420350600000005,
        0.41701250600000006,
        0.41313050600000006,
        0.39984100600000005,
        0.4222774060000001,
        0.43037050600000004,
        0.41076320600000005,
        0.40889120600000006
      ],
      "exit_codes": [
        0,
        0,
        0,
        0,
        0,
        0,
        0,
        0,
        0,
        0,
        0,
        0,
        0,
        0,
        0
      ]
    }
  ]
}
