{
  "results": [
    {
      "command": "C:\\Users\\test\\Documents\\research\\research\\artifacts\\installed\\python\\python.exe C:\\Users\\test\\Documents\\research\\research\\artifacts\\system\\are-we-fast-yet\\benchmarks\\Python\\harness.py Sieve 10 15",
      "mean": 0.24451902333333334,
      "stddev": 0.025095401339017907,
      "median": 0.23232085,
      "user": 0.22822916666666665,
      "system": 0.013104166666666665,
      "min": 0.22063225,
      "max": 0.30152925,
      "times": [
        0.30152925,
        0.22063225,
        0.22867685000000001,
        0.24677965,
        0.22933805000000002,
        0.23548755000000002,
        0.22736835,
        0.25475005000000006,
        0.29830845000000006,
        0.22971535,
        0.22466775,
        0.25933555,
        0.24660505000000002,
        0.23227035000000001,
        0.23232085
      ],
      "exit_codes": [
        0,
        0,
        0,
        0,
        0,
        0,
        0,
        0,
        0,
        0,
        0,
        0,
        0,
        0,
        0
      ]
    }
  ]
}
