{
  "results": [
    {
      "command": "C:\\Users\\test\\Documents\\research\\research\\artifacts\\installed\\python\\python.exe C:\\Users\\test\\Documents\\research\\research\\artifacts\\system\\are-we-fast-yet\\benchmarks\\Python\\harness.py Bounce 10 15",
      "mean": 0.6594185913333334,
      "stddev": 0.04400489503603738,
      "median": 0.6422132380000001,
      "user": 0.5986458333333331,
      "system": 0.019729166666666666,
      "min": 0.597425738,
      "max": 0.7309199380000001,
      "times": [
        0.714047038,
        0.696963738,
        0.6297304380000001,
        0.6277141380000001,
        0.6367806380000001,
        0.628237638,
        0.633907338,
        0.597425738,
        0.6422132380000001,
        0.7309199380000001,
        0.7120121380000001,
        0.6741451380000001,
        0.715195738,
        0.649592238,
        0.6023937380000001
      ],
      "exit_codes": [
        0,
        0,
        0,
        0,
        0,
        0,
        0,
        0,
        0,
        0,
        0,
        0,
        0,
        0,
        0
      ]
    }
  ]
}
