{
  "results": [
    {
      "command": "C:\\Users\\test\\Documents\\research\\research\\artifacts\\installed\\python\\python.exe C:\\Users\\test\\Documents\\research\\research\\artifacts\\system\\are-we-fast-yet\\benchmarks\\Python\\harness.py List 10 15",
      "mean": 0.374126086,
      "stddev": 0.02539468080796225,
      "median": 0.37128542600000003,
      "user": 0.35177083333333325,
      "system": 0.01625,
      "min": 0.34470912600000003,
      "max": 0.44666012600000005,
      "times": [
        0.370986126,
        0.34470912600000003,
        0.367640026,
        0.37128542600000003,
        0.35270882600000003,
        0.353806626,
        0.360209326,
        0.39509022600000004,
        0.44666012600000005,
        0.372186526,
        0.37601152600000004,
        0.39798162600000003,
        0.371505126,
        0.348134426,
        0.38297622600000003
      ],
      "exit_codes": [
        0,
        0,
        0,
        0,
        0,
        0,
        0,
        0,
        0,
        0,
        0,
        0,
        0,
        0,
        0
      ]
    }
  ]
}
