{
  "results": [
    {
      "command": "C:\\Users\\test\\Documents\\research\\research\\artifacts\\installed\\python\\python.exe C:\\Users\\test\\Documents\\research\\research\\artifacts\\system\\are-we-fast-yet\\benchmarks\\Python\\harness.py Permute 10 15",
      "mean": 1.159622388,
      "stddev": 0.02674317516670644,
      "median": 1.164200388,
      "user": 1.105625,
      "system": 0.021291666666666674,
      "min": 1.120866688,
      "max": 1.203901088,
      "times": [
        1.120866688,
        1.171539188,
        1.126437988,
        1.165098788,
        1.138514088,
        1.201312188,
        1.198981988,
        1.142605988,
        1.127807188,
        1.154819788,
        1.165631688,
        1.203901088,
        1.164200388,
        1.1479331879999999,
        1.164685588
      ],
      "exit_codes": [
        0,
        0,
        0,
        0,
        0,
        0,
        0,
        0,
        0,
        0,
        0,
        0,
        0,
        0,
        0
      ]
    }
  ]
}
