{
  "results": [
    {
      "command": "C:\\Users\\test\\Documents\\research\\research\\artifacts\\installed\\python\\python.exe C:\\Users\\test\\Documents\\research\\research\\artifacts\\system\\are-we-fast-yet\\benchmarks\\Python\\harness.py Json 10 15",
      "mean": 3.522881239333333,
      "stddev": 0.1584253004588592,
      "median": 3.494313726,
      "user": 3.493437500000001,
      "system": 0.018083333333333333,
      "min": 3.329964026,
      "max": 3.871500326,
      "times": [
        3.823695126,
        3.546399126,
        3.604286226,
        3.449983526,
        3.871500326,
        3.494313726,
        3.329964026,
        3.5215872260000003,
        3.442314826,
        3.330644426,
        3.412377326,
        3.642103826,
        3.479374426,
        3.500484726,
        3.394189726
      ],
      "exit_codes": [
        0,
        0,
        0,
        0,
        0,
        0,
        0,
        0,
        0,
        0,
        0,
        0,
        0,
        0,
        0
      ]
    }
  ]
}
