{
  "results": [
    {
      "command": "C:\\Users\\test\\Documents\\research\\research\\artifacts\\installed\\python\\python.exe C:\\Users\\test\\Documents\\research\\research\\artifacts\\system\\are-we-fast-yet\\benchmarks\\Python\\harness.py Sieve 10 15",
      "mean": 0.3259487326666667,
      "stddev": 0.02953684255644289,
      "median": 0.322972446,
      "user": 0.28437500000000004,
      "system": 0.02883333333333334,
      "min": 0.283822846,
      "max": 0.38862324600000003,
      "times": [
        0.295691546,
        0.283822846,
        0.322972446,
        0.37031974600000006,
        0.34762704600000005,
        0.314069146,
        0.33585154600000006,
        0.34769074600000005,
        0.32098044600000003,
        0.31941304600000003,
        0.32356994600000005,
        0.38862324600000003,
        0.334219146,
        0.28940494600000005,
        0.294975146
      ],
      "exit_codes": [
        0,
        0,
        0,
        0,
        0,
        0,
        0,
        0,
        0,
        0,
        0,
        0,
        0,
        0,
        0
      ]
    }
  ]
}
