{
  "results": [
    {
      "command": "C:\\Users\\test\\Documents\\research\\research\\artifacts\\installed2\\python\\python.exe C:\\Users\\test\\Documents\\research\\research\\system\\are-we-fast-yet\\benchmarks\\Python\\harness.py DeltaBlue 10 15",
      "mean": 0.081220548,
      "stddev": 0.013153691076077806,
      "median": 0.082604588,
      "user": 0.048125,
      "system": 0.030000000000000006,
      "min": 0.06126968799999999,
      "max": 0.102478588,
      "times": [
        0.102478588,
        0.09159168799999999,
        0.076037888,
        0.06126968799999999,
        0.062822588,
        0.074205988,
        0.08899288799999999,
        0.089596988,
        0.087640488,
        0.077568688
      ],
      "exit_codes": [
        0,
        0,
        0,
        0,
        0,
        0,
        0,
        0,
        0,
        0
      ]
    }
  ]
}
