{
  "results": [
    {
      "command": "C:\\Users\\test\\Documents\\research\\research\\artifacts\\installed\\python\\python.exe C:\\Users\\test\\Documents\\research\\research\\artifacts\\system\\are-we-fast-yet\\benchmarks\\Python\\harness.py DeltaBlue 10 15",
      "mean": 0.06372389866666667,
      "stddev": 0.0027441640545155504,
      "median": 0.06267803200000001,
      "user": 0.0396875,
      "system": 0.02383333333333333,
      "min": 0.06059933200000001,
      "max": 0.06892013200000001,
      "times": [
        0.067236632,
        0.067893032,
        0.061706032000000015,
        0.061121232000000005,
        0.06267803200000001,
        0.06098093200000001,
        0.06059933200000001,
        0.065571332,
        0.06159443200000001,
        0.062947132,
        0.06892013200000001,
        0.066110932,
        0.062043932,
        0.064206032,
        0.06224933200000001
      ],
      "exit_codes": [
        0,
        0,
        0,
        0,
        0,
        0,
        0,
        0,
        0,
        0,
        0,
        0,
        0,
        0,
        0
      ]
    }
  ]
}
