{
  "results": [
    {
      "command": "C:\\Users\\test\\Documents\\research\\research\\artifacts\\installed2\\python\\python.exe C:\\Users\\test\\Documents\\research\\research\\system\\are-we-fast-yet\\benchmarks\\Python\\harness.py DeltaBlue 10 15",
      "mean": 0.063820886,
      "stddev": 0.0044023058082100575,
      "median": 0.06218910600000001,
      "user": 0.04093749999999999,
      "system": 0.0194375,
      "min": 0.058987656000000006,
      "max": 0.07405815600000001,
      "times": [
        0.07405815600000001,
        0.06221495600000001,
        0.066945756,
        0.061482956,
        0.058987656000000006,
        0.064558156,
        0.06216325600000001,
        0.06058175600000001,
        0.060908356000000004,
        0.066307856
      ],
      "exit_codes": [
        0,
        0,
        0,
        0,
        0,
        0,
        0,
        0,
        0,
        0
      ]
    }
  ]
}
