{
  "results": [
    {
      "command": "C:\\Users\\test\\Documents\\research\\research\\artifacts\\installed\\python\\python.exe C:\\Users\\test\\Documents\\research\\research\\artifacts\\system\\are-we-fast-yet\\benchmarks\\Python\\harness.py DeltaBlue 10 15",
      "mean": 0.062330934666666664,
      "stddev": 0.0020567699842459876,
      "median": 0.061308168,
      "user": 0.04135416666666668,
      "system": 0.021208333333333333,
      "min": 0.06012936800000001,
      "max": 0.066634368,
      "times": [
        0.066634368,
        0.06644366800000001,
        0.06060526800000001,
        0.06012936800000001,
        0.061265668,
        0.060925468,
        0.061308168,
        0.061571268000000005,
        0.063200068,
        0.061161468000000004,
        0.06359526800000001,
        0.06434436800000001,
        0.06135666800000001,
        0.061189968000000004,
        0.061232968000000006
      ],
      "exit_codes": [
        0,
        0,
        0,
        0,
        0,
        0,
        0,
        0,
        0,
        0,
        0,
        0,
        0,
        0,
        0
      ]
    }
  ]
}
