{
  "results": [
    {
      "command": "C:\\Users\\test\\Documents\\research\\research\\artifacts\\installed\\python\\python.exe C:\\Users\\test\\Documents\\research\\research\\artifacts\\system\\are-we-fast-yet\\benchmarks\\Python\\harness.py Storage 10 15",
      "mean": 0.433370038,
      "stddev": 0.012794652327772386,
      "median": 0.430135938,
      "user": 0.41510416666666655,
      "system": 0.015312499999999998,
      "min": 0.41803923800000004,
      "max": 0.46099783800000005,
      "times": [
        0.41803923800000004,
        0.430135938,
        0.428233138,
        0.428215338,
        0.433410638,
        0.430242738,
        0.428550138,
        0.433034138,
        0.43648683800000004,
        0.41849123800000004,
        0.429200238,
        0.42063013800000004,
        0.447021838,
        0.457861138,
        0.46099783800000005
      ],
      "exit_codes": [
        0,
        0,
        0,
        0,
        0,
        0,
        0,
        0,
        0,
        0,
        0,
        0,
        0,
        0,
        0
      ]
    }
  ]
}
