{
  "results": [
    {
      "command": "C:\\Users\\test\\Documents\\research\\research\\artifacts\\installed\\python\\python.exe C:\\Users\\test\\Documents\\research\\research\\artifacts\\system\\are-we-fast-yet\\benchmarks\\Python\\harness.py Permute 10 15",
      "mean": 0.7020022100000001,
      "stddev": 0.025985130639711196,
      "median": 0.6958263100000001,
      "user": 0.6810416666666667,
      "system": 0.016083333333333335,
      "min": 0.67100641,
      "max": 0.76091271,
      "times": [
        0.6855356100000001,
        0.7251378100000001,
        0.6934016100000001,
        0.7024189100000001,
        0.6726899100000001,
        0.67702061,
        0.7053240100000001,
        0.7102933100000001,
        0.6958263100000001,
        0.67100641,
        0.76091271,
        0.7473612100000001,
        0.69193051,
        0.68335911,
        0.7078151100000001
      ],
      "exit_codes": [
        0,
        0,
        0,
        0,
        0,
        0,
        0,
        0,
        0,
        0,
        0,
        0,
        0,
        0,
        0
      ]
    }
  ]
}
