{
  "results": [
    {
      "command": "C:\\Users\\test\\Documents\\research\\research\\artifacts\\installed\\python\\python.exe C:\\Users\\test\\Documents\\research\\research\\artifacts\\system\\are-we-fast-yet\\benchmarks\\Python\\harness.py List 10 15",
      "mean": 0.3346896646666666,
      "stddev": 0.0353564680663841,
      "median": 0.32287043800000004,
      "user": 0.3143750000000001,
      "system": 0.017270833333333332,
      "min": 0.313533738,
      "max": 0.44343673800000005,
      "times": [
        0.317844338,
        0.32287043800000004,
        0.33097653800000004,
        0.315758138,
        0.39016173800000004,
        0.315496638,
        0.313533738,
        0.321453138,
        0.317711238,
        0.44343673800000005,
        0.328832138,
        0.335822938,
        0.323168738,
        0.324286838,
        0.318991638
      ],
      "exit_codes": [
        0,
        0,
        0,
        0,
        0,
        0,
        0,
        0,
        0,
        0,
        0,
        0,
        0,
        0,
        0
      ]
    }
  ]
}
