{
  "results": [
    {
      "command": "C:\\Users\\test\\Documents\\research\\research\\artifacts\\installed2\\python\\python.exe C:\\Users\\test\\Documents\\research\\research\\system\\are-we-fast-yet\\benchmarks\\Python\\harness.py Json 10 15",
      "mean": 5.192753218,
      "stddev": 0.24800569316942464,
      "median": 5.159726248,
      "user": 5.144687500000002,
      "system": 0.026750000000000003,
      "min": 4.715623848,
      "max": 5.569197647999999,
      "times": [
        5.144642547999999,
        5.015322948,
        5.443104948,
        5.457347148,
        5.569197647999999,
        5.174809948,
        5.197933148,
        5.135494447999999,
        4.715623848,
        5.074055548
      ],
      "exit_codes": [
        0,
        0,
        0,
        0,
        0,
        0,
        0,
        0,
        0,
        0
      ]
    }
  ]
}
