{
  "results": [
    {
      "command": "C:\\Users\\test\\Documents\\research\\research\\artifacts\\installed\\python\\python.exe C:\\Users\\test\\Documents\\research\\research\\artifacts\\system\\are-we-fast-yet\\benchmarks\\Python\\harness.py Json 10 15",
      "mean": 4.202041619333333,
      "stddev": 0.09109916748428966,
      "median": 4.178216926,
      "user": 4.1634375000000015,
      "system": 0.020125000000000004,
      "min": 4.0881048259999995,
      "max": 4.4318301259999995,
      "times": [
        4.147528726,
        4.261927926,
        4.269614626,
        4.0881048259999995,
        4.121935226,
        4.125281226,
        4.178216926,
        4.3114675259999995,
        4.253155426,
        4.4318301259999995,
        4.142698626,
        4.210668826,
        4.210269826,
        4.148788926,
        4.129135526
      ],
      "exit_codes": [
        0,
        0,
        0,
        0,
        0,
        0,
        0,
        0,
        0,
        0,
        0,
        0,
        0,
        0,
        0
      ]
    }
  ]
}
