{
  "results": [
    {
      "command": "C:\\Users\\test\\Documents\\research\\research\\artifacts\\installed2\\python\\python.exe C:\\Users\\test\\Documents\\research\\research\\system\\are-we-fast-yet\\benchmarks\\Python\\harness.py Json 10 15",
      "mean": 4.203483554,
      "stddev": 0.22686233065903494,
      "median": 4.257408893999999,
      "user": 4.1625000000000005,
      "system": 0.0290625,
      "min": 3.866352594,
      "max": 4.5715454939999995,
      "times": [
        3.866352594,
        3.880636694,
        4.005249694,
        4.304148194,
        4.210669594,
        4.379375694,
        4.333801994,
        4.172446894,
        4.310608694,
        4.5715454939999995
      ],
      "exit_codes": [
        0,
        0,
        0,
        0,
        0,
        0,
        0,
        0,
        0,
        0
      ]
    }
  ]
}
