{
  "results": [
    {
      "command": "C:\\Users\\test\\Documents\\research\\research\\artifacts\\installed\\python\\python.exe C:\\Users\\test\\Documents\\research\\research\\artifacts\\system\\are-we-fast-yet\\benchmarks\\Python\\harness.py Json 10 15",
      "mean": 3.475927422,
      "stddev": 0.09177019842012354,
      "median": 3.449633642,
      "user": 3.4478125000000017,
      "system": 0.017041666666666667,
      "min": 3.355336242,
      "max": 3.6647082419999997,
      "times": [
        3.4874395419999997,
        3.5103750419999997,
        3.562202442,
        3.449633642,
        3.6537209419999996,
        3.4387880419999997,
        3.410121442,
        3.499240242,
        3.6647082419999997,
        3.431236742,
        3.381816142,
        3.423640142,
        3.355336242,
        3.4772880419999996,
        3.3933644419999998
      ],
      "exit_codes": [
        0,
        0,
        0,
        0,
        0,
        0,
        0,
        0,
        0,
        0,
        0,
        0,
        0,
        0,
        0
      ]
    }
  ]
}
