{
  "results": [
    {
      "command": "C:\\Users\\test\\Documents\\research\\research\\artifacts\\installed2\\python\\python.exe C:\\Users\\test\\Documents\\research\\research\\system\\are-we-fast-yet\\benchmarks\\Python\\harness.py DeltaBlue 10 15",
      "mean": 0.06751753800000002,
      "stddev": 0.0013165740232807944,
      "median": 0.06768937800000001,
      "user": 0.04218749999999999,
      "system": 0.018375000000000002,
      "min": 0.06514562800000001,
      "max": 0.06913142800000001,
      "times": [
        0.066000428,
        0.06755432800000001,
        0.06514562800000001,
        0.06776322800000001,
        0.06761552800000001,
        0.06636372800000001,
        0.067976228,
        0.06903782800000001,
        0.06913142800000001,
        0.06858702800000001
      ],
      "exit_codes": [
        0,
        0,
        0,
        0,
        0,
        0,
        0,
        0,
        0,
        0
      ]
    }
  ]
}
