{
  "results": [
    {
      "command": "C:\\Users\\test\\Documents\\research\\research\\artifacts\\installed\\python\\python.exe C:\\Users\\test\\Documents\\research\\research\\artifacts\\system\\are-we-fast-yet\\benchmarks\\Python\\harness.py Towers 10 15",
      "mean": 1.0279816146666667,
      "stddev": 0.07616416841020703,
      "median": 1.005524968,
      "user": 1.004791666666667,
      "system": 0.020666666666666667,
      "min": 0.9809585680000001,
      "max": 1.293451368,
      "times": [
        1.293451368,
        1.049658668,
        1.0020772679999999,
        1.031025168,
        1.005524968,
        1.021106168,
        1.013880768,
        0.990089868,
        0.9809585680000001,
        0.989809968,
        0.994329568,
        1.0122053679999998,
        0.995505068,
        0.9958325680000001,
        1.0442688679999999
      ],
      "exit_codes": [
        0,
        0,
        0,
        0,
        0,
        0,
        0,
        0,
        0,
        0,
        0,
        0,
        0,
        0,
        0
      ]
    }
  ]
}
