{
  "results": [
    {
      "command": "C:\\Users\\test\\Documents\\research\\research\\artifacts\\installed\\python\\python.exe C:\\Users\\test\\Documents\\research\\research\\artifacts\\system\\are-we-fast-yet\\benchmarks\\Python\\harness.py Towers 10 15",
      "mean": 0.9417539020000001,
      "stddev": 0.05608193433243388,
      "median": 0.9250723220000001,
      "user": 0.9183333333333337,
      "system": 0.011875,
      "min": 0.9062902220000001,
      "max": 1.134064722,
      "times": [
        0.9250723220000001,
        0.9191491220000001,
        0.9241285220000001,
        0.9104820220000001,
        1.134064722,
        0.9462198220000001,
        0.9143605220000001,
        0.9376532220000001,
        0.9190388220000001,
        0.9099021220000001,
        0.9062902220000001,
        0.929197122,
        0.937928822,
        0.9763354220000001,
        0.936485722
      ],
      "exit_codes": [
        0,
        0,
        0,
        0,
        0,
        0,
        0,
        0,
        0,
        0,
        0,
        0,
        0,
        0,
        0
      ]
    }
  ]
}
