{
  "results": [
    {
      "command": "C:\\Users\\test\\Documents\\research\\research\\artifacts\\installed\\python\\python.exe C:\\Users\\test\\Documents\\research\\research\\artifacts\\system\\are-we-fast-yet\\benchmarks\\Python\\harness.py Json 10 15",
      "mean": 3.5916991659999993,
      "stddev": 0.22036850045069378,
      "median": 3.545821646,
      "user": 3.5635416666666675,
      "system": 0.016291666666666666,
      "min": 3.353567746,
      "max": 3.994505146,
      "times": [
        3.6160357459999997,
        3.353567746,
        3.8880125459999997,
        3.610039246,
        3.491833646,
        3.972889646,
        3.994505146,
        3.430339246,
        3.545821646,
        3.7193297459999997,
        3.357753446,
        3.681325146,
        3.4020251459999997,
        3.454826946,
        3.357182446
      ],
      "exit_codes": [
        0,
        0,
        0,
        0,
        0,
        0,
        0,
        0,
        0,
        0,
        0,
        0,
        0,
        0,
        0
      ]
    }
  ]
}
