{
  "results": [
    {
      "command": "C:\\Users\\test\\Documents\\research\\research\\artifacts\\installed\\python\\python.exe C:\\Users\\test\\Documents\\research\\research\\artifacts\\system\\are-we-fast-yet\\benchmarks\\Python\\harness.py Towers 10 15",
      "mean": 1.3472466506666667,
      "stddev": 0.030128348238747472,
      "median": 1.346585584,
      "user": 1.3001041666666666,
      "system": 0.013916666666666666,
      "min": 1.301979184,
      "max": 1.4127878839999999,
      "times": [
        1.339834084,
        1.385841484,
        1.4127878839999999,
        1.3547867839999999,
        1.316834184,
        1.346585584,
        1.376569284,
        1.301979184,
        1.3150416839999999,
        1.3178242839999998,
        1.355780284,
        1.327771384,
        1.357800384,
        1.365427384,
        1.333835884
      ],
      "exit_codes": [
        0,
        0,
        0,
        0,
        0,
        0,
        0,
        0,
        0,
        0,
        0,
        0,
        0,
        0,
        0
      ]
    }
  ]
}
