{
  "results": [
    {
      "command": "C:\\Users\\test\\Documents\\research\\research\\artifacts\\installed\\python\\python.exe C:\\Users\\test\\Documents\\research\\research\\artifacts\\system\\are-we-fast-yet\\benchmarks\\Python\\harness.py List 10 15",
      "mean": 0.282052768,
      "stddev": 0.010349255880552133,
      "median": 0.28061062800000003,
      "user": 0.2641666666666667,
      "system": 0.014583333333333337,
      "min": 0.27211562800000005,
      "max": 0.31116462800000005,
      "times": [
        0.292889928,
        0.27387152800000003,
        0.282409628,
        0.28221132800000004,
        0.28650902800000005,
        0.275509928,
        0.27572712800000004,
        0.31116462800000005,
        0.27693122800000003,
        0.28061062800000003,
        0.29023072800000005,
        0.27324442800000004,
        0.27211562800000005,
        0.27274342800000007,
        0.28462232800000004
      ],
      "exit_codes": [
        0,
        0,
        0,
        0,
        0,
        0,
        0,
        0,
        0,
        0,
        0,
        0,
        0,
        0,
        0
      ]
    }
  ]
}
