{
  "results": [
    {
      "command": "C:\\Users\\test\\Documents\\research\\research\\artifacts\\installed\\python\\python.exe C:\\Users\\test\\Documents\\research\\research\\artifacts\\system\\are-we-fast-yet\\benchmarks\\Python\\harness.py Permute 10 15",
      "mean": 0.7432405593333334,
      "stddev": 0.022685704437938974,
      "median": 0.739296446,
      "user": 0.7217708333333335,
      "system": 0.011479166666666669,
      "min": 0.722017746,
      "max": 0.8130935460000001,
      "times": [
        0.739296446,
        0.751435146,
        0.722017746,
        0.732069446,
        0.733864046,
        0.769794646,
        0.7338908460000001,
        0.745232446,
        0.723253546,
        0.728988246,
        0.7433532460000001,
        0.7419647460000001,
        0.7302315460000001,
        0.740122746,
        0.8130935460000001
      ],
      "exit_codes": [
        0,
        0,
        0,
        0,
        0,
        0,
        0,
        0,
        0,
        0,
        0,
        0,
        0,
        0,
        0
      ]
    }
  ]
}
