{
  "results": [
    {
      "command": "C:\\Users\\test\\Documents\\research\\research\\artifacts\\installed\\python\\python.exe C:\\Users\\test\\Documents\\research\\research\\artifacts\\system\\are-we-fast-yet\\benchmarks\\Python\\harness.py Sieve 10 15",
      "mean": 0.23000228400000003,
      "stddev": 0.004294165138350946,
      "median": 0.22942144400000003,
      "user": 0.21374999999999997,
      "system": 0.017208333333333332,
      "min": 0.223200744,
      "max": 0.23625314400000003,
      "times": [
        0.223200744,
        0.22542104400000001,
        0.228159244,
        0.23371824400000002,
        0.22942144400000003,
        0.227612744,
        0.232730444,
        0.23318754400000002,
        0.23397994400000002,
        0.234069144,
        0.22656384400000001,
        0.23625314400000003,
        0.23475194400000002,
        0.22417994400000002,
        0.226784844
      ],
      "exit_codes": [
        0,
        0,
        0,
        0,
        0,
        0,
        0,
        0,
        0,
        0,
        0,
        0,
        0,
        0,
        0
      ]
    }
  ]
}
