{
  "results": [
    {
      "command": "C:\\Users\\test\\Documents\\research\\research\\artifacts\\installed\\python\\python.exe C:\\Users\\test\\Documents\\research\\research\\artifacts\\system\\are-we-fast-yet\\benchmarks\\Python\\harness.py Bounce 10 15",
      "mean": 0.42613151066666677,
      "stddev": 0.028945213226553846,
      "median": 0.41741200400000006,
      "user": 0.40468749999999987,
      "system": 0.017812499999999995,
      "min": 0.40272030400000003,
      "max": 0.5013525040000001,
      "times": [
        0.42308910400000005,
        0.41362640400000006,
        0.40272030400000003,
        0.41741200400000006,
        0.415368504,
        0.41801350400000004,
        0.4907222040000001,
        0.41246530400000003,
        0.41390380400000004,
        0.4167118040000001,
        0.5013525040000001,
        0.42355070400000006,
        0.40707860400000007,
        0.41836100400000004,
        0.41759690400000005
      ],
      "exit_codes": [
        0,
        0,
        0,
        0,
        0,
        0,
        0,
        0,
        0,
        0,
        0,
        0,
        0,
        0,
        0
      ]
    }
  ]
}
