{
  "results": [
    {
      "command": "C:\\Users\\test\\Documents\\research\\research\\artifacts\\installed\\python\\python.exe C:\\Users\\test\\Documents\\research\\research\\artifacts\\system\\are-we-fast-yet\\benchmarks\\Python\\harness.py Towers 10 15",
      "mean": 0.9553937746666666,
      "stddev": 0.020716013402847382,
      "median": 0.9561024880000001,
      "user": 0.9342708333333334,
      "system": 0.014041666666666666,
      "min": 0.928280388,
      "max": 1.001474988,
      "times": [
        0.9569467880000001,
        0.9601539880000001,
        0.939377988,
        0.9561024880000001,
        0.965092688,
        0.9362424880000001,
        0.9432443880000001,
        0.9563426880000001,
        0.9622711880000001,
        0.931758788,
        1.001474988,
        0.9950280880000001,
        0.928280388,
        0.9474348880000001,
        0.9511547880000001
      ],
      "exit_codes": [
        0,
        0,
        0,
        0,
        0,
        0,
        0,
        0,
        0,
        0,
        0,
        0,
        0,
        0,
        0
      ]
    }
  ]
}
