{
  "results": [
    {
      "command": "C:\\Users\\test\\Documents\\research\\research\\artifacts\\installed\\python\\python.exe C:\\Users\\test\\Documents\\research\\research\\artifacts\\system\\are-we-fast-yet\\benchmarks\\Python\\harness.py Storage 10 15",
      "mean": 0.9571296586666665,
      "stddev": 0.10498831541851053,
      "median": 0.9220647920000001,
      "user": 0.8965624999999997,
      "system": 0.033437499999999995,
      "min": 0.867410792,
      "max": 1.163648592,
      "times": [
        0.9220647920000001,
        0.9274272920000001,
        0.9856142920000001,
        1.162455192,
        1.127757092,
        0.8901441920000001,
        0.9195769920000001,
        0.8955207920000001,
        0.9240414920000001,
        0.875733292,
        1.163648592,
        0.8836797920000001,
        0.867410792,
        0.8797538920000001,
        0.9321163920000001
      ],
      "exit_codes": [
        0,
        0,
        0,
        0,
        0,
        0,
        0,
        0,
        0,
        0,
        0,
        0,
        0,
        0,
        0
      ]
    }
  ]
}
