{
  "results": [
    {
      "command": "C:\\Users\\test\\Documents\\research\\research\\artifacts\\installed2\\python\\python.exe C:\\Users\\test\\Documents\\research\\research\\system\\are-we-fast-yet\\benchmarks\\Python\\harness.py Json 10 15",
      "mean": 4.945188626,
      "stddev": 0.3509515852308317,
      "median": 4.9905892860000005,
      "user": 4.899375000000001,
      "system": 0.023187499999999996,
      "min": 4.302377086000001,
      "max": 5.399888486,
      "times": [
        5.058205786,
        5.105860586,
        4.849981186,
        5.399888486,
        5.298914986000001,
        5.202279186,
        4.922972786000001,
        4.857664086000001,
        4.453742086,
        4.302377086000001
      ],
      "exit_codes": [
        0,
        0,
        0,
        0,
        0,
        0,
        0,
        0,
        0,
        0
      ]
    }
  ]
}
