{
  "results": [
    {
      "command": "C:\\Users\\test\\Documents\\research\\research\\artifacts\\installed2\\python\\python.exe C:\\Users\\test\\Documents\\research\\research\\system\\are-we-fast-yet\\benchmarks\\Python\\harness.py Json 10 15",
      "mean": 3.9619130399999998,
      "stddev": 0.4401061780032651,
      "median": 3.9291661700000002,
      "user": 3.9212500000000015,
      "system": 0.024468750000000004,
      "min": 3.4492957200000003,
      "max": 4.98631562,
      "times": [
        3.5417839200000003,
        3.4492957200000003,
        3.61510202,
        3.78841312,
        4.01149342,
        3.84683892,
        4.07675732,
        4.11063872,
        4.192491619999999,
        4.98631562
      ],
      "exit_codes": [
        0,
        0,
        0,
        0,
        0,
        0,
        0,
        0,
        0,
        0
      ]
    }
  ]
}
