{
  "results": [
    {
      "command": "C:\\Users\\test\\Documents\\research\\research\\artifacts\\installed\\python\\python.exe C:\\Users\\test\\Documents\\research\\research\\artifacts\\system\\are-we-fast-yet\\benchmarks\\Python\\harness.py Json 10 15",
      "mean": 3.4023325926666668,
      "stddev": 0.1457595226098545,
      "median": 3.326243706,
      "user": 3.3806250000000007,
      "system": 0.015749999999999997,
      "min": 3.279569206,
      "max": 3.7424367060000003,
      "times": [
        3.570382506,
        3.7424367060000003,
        3.307018406,
        3.295556506,
        3.4178108060000003,
        3.3142764060000003,
        3.297517606,
        3.320496806,
        3.2843528060000002,
        3.652308306,
        3.374876806,
        3.326243706,
        3.279569206,
        3.4901772060000003,
        3.361965106
      ],
      "exit_codes": [
        0,
        0,
        0,
        0,
        0,
        0,
        0,
        0,
        0,
        0,
        0,
        0,
        0,
        0,
        0
      ]
    }
  ]
}
