{
  "results": [
    {
      "command": "C:\\Users\\test\\Documents\\research\\research\\artifacts\\installed\\python\\python.exe C:\\Users\\test\\Documents\\research\\research\\artifacts\\system\\are-we-fast-yet\\benchmarks\\Python\\harness.py Storage 10 15",
      "mean": 0.47920107466666667,
      "stddev": 0.022038559079533643,
      "median": 0.47392266800000005,
      "user": 0.46052083333333343,
      "system": 0.011562500000000002,
      "min": 0.45636596800000007,
      "max": 0.520465668,
      "times": [
        0.518249268,
        0.510419268,
        0.45655666800000005,
        0.47392266800000005,
        0.498121768,
        0.47392786800000003,
        0.46932096800000006,
        0.47827526800000003,
        0.45874996800000006,
        0.45758016800000006,
        0.520465668,
        0.47469306800000005,
        0.47036656800000004,
        0.45636596800000007,
        0.4710009680000001
      ],
      "exit_codes": [
        0,
        0,
        0,
        0,
        0,
        0,
        0,
        0,
        0,
        0,
        0,
        0,
        0,
        0,
        0
      ]
    }
  ]
}
