{
  "results": [
    {
      "command": "C:\\Users\\test\\Documents\\research\\research\\artifacts\\installed\\python\\python.exe C:\\Users\\test\\Documents\\research\\research\\artifacts\\system\\are-we-fast-yet\\benchmarks\\Python\\harness.py DeltaBlue 10 15",
      "mean": 0.06628399266666668,
      "stddev": 0.0017207614323177932,
      "median": 0.065538446,
      "user": 0.04750000000000001,
      "system": 0.015458333333333334,
      "min": 0.06473564600000001,
      "max": 0.07074904600000001,
      "times": [
        0.068572846,
        0.065010646,
        0.065320346,
        0.06831664600000001,
        0.06584084600000001,
        0.06570104600000001,
        0.06529594600000001,
        0.066675946,
        0.06473564600000001,
        0.067136946,
        0.07074904600000001,
        0.065172346,
        0.064784646,
        0.06540854600000001,
        0.065538446
      ],
      "exit_codes": [
        0,
        0,
        0,
        0,
        0,
        0,
        0,
        0,
        0,
        0,
        0,
        0,
        0,
        0,
        0
      ]
    }
  ]
}
