{
  "results": [
    {
      "command": "C:\\Users\\test\\Documents\\research\\research\\artifacts\\installed\\python\\python.exe C:\\Users\\test\\Documents\\research\\research\\artifacts\\system\\are-we-fast-yet\\benchmarks\\Python\\harness.py Storage 10 15",
      "mean": 0.8508427786666667,
      "stddev": 0.0622963190176556,
      "median": 0.8266625120000001,
      "user": 0.7948958333333334,
      "system": 0.022437499999999992,
      "min": 0.772264112,
      "max": 0.9928173119999999,
      "times": [
        0.8306047120000001,
        0.772264112,
        0.818875212,
        0.825589812,
        0.9928173119999999,
        0.846718912,
        0.9893996119999999,
        0.809497412,
        0.8266625120000001,
        0.8147660120000001,
        0.8117742120000001,
        0.8232670120000001,
        0.8606138120000001,
        0.872357712,
        0.8674333120000001
      ],
      "exit_codes": [
        0,
        0,
        0,
        0,
        0,
        0,
        0,
        0,
        0,
        0,
        0,
        0,
        0,
        0,
        0
      ]
    }
  ]
}
