{
  "results": [
    {
      "command": "C:\\Users\\test\\Documents\\research\\research\\artifacts\\installed\\python\\python.exe C:\\Users\\test\\Documents\\research\\research\\artifacts\\system\\are-we-fast-yet\\benchmarks\\Python\\harness.py Bounce 10 15",
      "mean": 0.4050317493333334,
      "stddev": 0.011445927801528779,
      "median": 0.40053207600000007,
      "user": 0.38395833333333323,
      "system": 0.01470833333333333,
      "min": 0.38838177600000007,
      "max": 0.42549027600000006,
      "times": [
        0.41558727600000006,
        0.39797557600000005,
        0.39648827600000003,
        0.425066476,
        0.39597587600000006,
        0.42549027600000006,
        0.41450787600000005,
        0.39706037600000005,
        0.40053207600000007,
        0.40438447600000005,
        0.40004747600000007,
        0.40385517600000004,
        0.38838177600000007,
        0.41556217600000006,
        0.39456107600000007
      ],
      "exit_codes": [
        0,
        0,
        0,
        0,
        0,
        0,
        0,
        0,
        0,
        0,
        0,
        0,
        0,
        0,
        0
      ]
    }
  ]
}
