{
  "results": [
    {
      "command": "C:\\Users\\test\\Documents\\research\\research\\artifacts\\installed\\python\\python.exe C:\\Users\\test\\Documents\\research\\research\\artifacts\\system\\are-we-fast-yet\\benchmarks\\Python\\harness.py Permute 10 15",
      "mean": 0.7198783140000001,
      "stddev": 0.034874183323234574,
      "median": 0.707680874,
      "user": 0.6995833333333336,
      "system": 0.017666666666666667,
      "min": 0.6955212740000001,
      "max": 0.8224480740000001,
      "times": [
        0.707930974,
        0.7603785740000001,
        0.697729574,
        0.6984986740000001,
        0.6955212740000001,
        0.6958308740000001,
        0.709099974,
        0.714979974,
        0.6989241740000001,
        0.7433698740000001,
        0.7442466740000001,
        0.8224480740000001,
        0.700657674,
        0.707680874,
        0.700877474
      ],
      "exit_codes": [
        0,
        0,
        0,
        0,
        0,
        0,
        0,
        0,
        0,
        0,
        0,
        0,
        0,
        0,
        0
      ]
    }
  ]
}
