{
  "results": [
    {
      "command": "C:\\Users\\test\\Documents\\research\\research\\artifacts\\installed\\python\\python.exe C:\\Users\\test\\Documents\\research\\research\\artifacts\\system\\are-we-fast-yet\\benchmarks\\Python\\harness.py Json 10 15",
      "mean": 3.4134547593333338,
      "stddev": 0.08691842376977606,
      "median": 3.395477226,
      "user": 3.385729166666667,
      "system": 0.017333333333333333,
      "min": 3.3034143260000004,
      "max": 3.602077926,
      "times": [
        3.479573926,
        3.395477226,
        3.602077926,
        3.3840065260000003,
        3.418648526,
        3.3923416260000003,
        3.377207326,
        3.399770926,
        3.3034143260000004,
        3.316334326,
        3.316065726,
        3.363395826,
        3.574688026,
        3.469220726,
        3.409598426
      ],
      "exit_codes": [
        0,
        0,
        0,
        0,
        0,
        0,
        0,
        0,
        0,
        0,
        0,
        0,
        0,
        0,
        0
      ]
    }
  ]
}
