{
  "results": [
    {
      "command": "C:\\Users\\test\\Documents\\research\\research\\artifacts\\installed2\\python\\python.exe C:\\Users\\test\\Documents\\research\\research\\system\\are-we-fast-yet\\benchmarks\\Python\\harness.py Json 10 15",
      "mean": 5.330226802,
      "stddev": 0.2765136423902244,
      "median": 5.399260182000001,
      "user": 5.275937500000001,
      "system": 0.028874999999999994,
      "min": 4.940169932000001,
      "max": 5.687450332,
      "times": [
        5.000506732000001,
        5.204766532000001,
        5.444533932000001,
        5.631538332000001,
        5.587552232,
        5.399183432,
        5.399336932000001,
        5.687450332,
        5.0072296320000005,
        4.940169932000001
      ],
      "exit_codes": [
        0,
        0,
        0,
        0,
        0,
        0,
        0,
        0,
        0,
        0
      ]
    }
  ]
}
