{
  "results": [
    {
      "command": "C:\\Users\\test\\Documents\\research\\research\\artifacts\\installed\\python\\python.exe C:\\Users\\test\\Documents\\research\\research\\artifacts\\system\\are-we-fast-yet\\benchmarks\\Python\\harness.py Json 10 15",
      "mean": 4.328893949333334,
      "stddev": 0.12973383462373725,
      "median": 4.296763975999999,
      "user": 4.303333333333334,
      "system": 0.028020833333333335,
      "min": 4.210646376,
      "max": 4.589262575999999,
      "times": [
        4.589262575999999,
        4.232722076,
        4.320868976,
        4.223551876,
        4.210646376,
        4.228537976,
        4.434614376,
        4.241609076,
        4.3164895759999995,
        4.491413376,
        4.325406976,
        4.296763975999999,
        4.566432175999999,
        4.228568076,
        4.226521775999999
      ],
      "exit_codes": [
        0,
        0,
        0,
        0,
        0,
        0,
        0,
        0,
        0,
        0,
        0,
        0,
        0,
        0,
        0
      ]
    }
  ]
}
