{
  "results": [
    {
      "command": "C:\\Users\\test\\Documents\\research\\research\\artifacts\\installed\\python\\python.exe C:\\Users\\test\\Documents\\research\\research\\artifacts\\system\\are-we-fast-yet\\benchmarks\\Python\\harness.py List 10 15",
      "mean": 0.29041040733333323,
      "stddev": 0.010351365984356615,
      "median": 0.289015014,
      "user": 0.26760416666666675,
      "system": 0.018958333333333337,
      "min": 0.274332014,
      "max": 0.308392414,
      "times": [
        0.286901214,
        0.305196014,
        0.289015014,
        0.279194614,
        0.274332014,
        0.294006614,
        0.278289014,
        0.280219614,
        0.29848841400000004,
        0.301946314,
        0.288802814,
        0.29006021400000004,
        0.297537114,
        0.308392414,
        0.28377471400000004
      ],
      "exit_codes": [
        0,
        0,
        0,
        0,
        0,
        0,
        0,
        0,
        0,
        0,
        0,
        0,
        0,
        0,
        0
      ]
    }
  ]
}
