{
  "results": [
    {
      "command": "C:\\Users\\test\\Documents\\research\\research\\artifacts\\installed\\python\\python.exe C:\\Users\\test\\Documents\\research\\research\\artifacts\\system\\are-we-fast-yet\\benchmarks\\Python\\harness.py Sieve 10 15",
      "mean": 0.22313975466666672,
      "stddev": 0.007950477153198028,
      "median": 0.22339862800000002,
      "user": 0.20343749999999997,
      "system": 0.021958333333333337,
      "min": 0.21497722800000002,
      "max": 0.24289572800000003,
      "times": [
        0.21502802800000004,
        0.24289572800000003,
        0.22525502800000002,
        0.22455442800000003,
        0.21966492800000004,
        0.21593072800000002,
        0.21643022800000003,
        0.22339862800000002,
        0.21617542800000003,
        0.21951922800000004,
        0.22452922800000003,
        0.22648572800000003,
        0.21497722800000002,
        0.22641852800000004,
        0.23583322800000003
      ],
      "exit_codes": [
        0,
        0,
        0,
        0,
        0,
        0,
        0,
        0,
        0,
        0,
        0,
        0,
        0,
        0,
        0
      ]
    }
  ]
}
