{
  "results": [
    {
      "command": "C:\\Users\\test\\Documents\\research\\research\\artifacts\\installed\\python\\python.exe C:\\Users\\test\\Documents\\research\\research\\artifacts\\system\\are-we-fast-yet\\benchmarks\\Python\\harness.py Sieve 10 15",
      "mean": 0.261599414,
      "stddev": 0.006468679449558695,
      "median": 0.25921067400000003,
      "user": 0.2353125000000001,
      "system": 0.023416666666666665,
      "min": 0.254993574,
      "max": 0.27442697400000005,
      "times": [
        0.26459277400000003,
        0.265377674,
        0.26670167400000006,
        0.255495574,
        0.254993574,
        0.257040174,
        0.27442697400000005,
        0.25921067400000003,
        0.25517287400000005,
        0.256152674,
        0.255615274,
        0.266408674,
        0.26913937400000004,
        0.26806647400000005,
        0.255596774
      ],
      "exit_codes": [
        0,
        0,
        0,
        0,
        0,
        0,
        0,
        0,
        0,
        0,
        0,
        0,
        0,
        0,
        0
      ]
    }
  ]
}
