{
  "results": [
    {
      "command": "C:\\Users\\test\\Documents\\research\\research\\artifacts\\installed\\python\\python.exe C:\\Users\\test\\Documents\\research\\research\\artifacts\\system\\are-we-fast-yet\\benchmarks\\Python\\harness.py Sieve 10 15",
      "mean": 0.23095138200000004,
      "stddev": 0.03359131417501511,
      "median": 0.21466656200000003,
      "user": 0.21406250000000007,
      "system": 0.014999999999999998,
      "min": 0.21260986200000004,
      "max": 0.324457162,
      "times": [
        0.21434506200000003,
        0.21367976200000002,
        0.21261836200000003,
        0.21483836200000003,
        0.21412306200000003,
        0.21260986200000004,
        0.21288556200000003,
        0.22210606200000002,
        0.287157162,
        0.324457162,
        0.260883662,
        0.21412996200000003,
        0.230841062,
        0.21466656200000003,
        0.21492906200000003
      ],
      "exit_codes": [
        0,
        0,
        0,
        0,
        0,
        0,
        0,
        0,
        0,
        0,
        0,
        0,
        0,
        0,
        0
      ]
    }
  ]
}
