{
  "results": [
    {
      "command": "C:\\Users\\test\\Documents\\research\\research\\artifacts\\installed\\python\\python.exe C:\\Users\\test\\Documents\\research\\research\\artifacts\\system\\are-we-fast-yet\\benchmarks\\Python\\harness.py List 10 15",
      "mean": 0.493746422,
      "stddev": 0.04971300411358608,
      "median": 0.492064102,
      "user": 0.43583333333333324,
      "system": 0.0328125,
      "min": 0.44482900200000003,
      "max": 0.607735402,
      "times": [
        0.45071690200000003,
        0.607735402,
        0.538784102,
        0.49450150200000004,
        0.551140502,
        0.492064102,
        0.44492450200000006,
        0.45073500200000005,
        0.511394302,
        0.546650702,
        0.49908640200000004,
        0.44482900200000003,
        0.44613860200000005,
        0.481021902,
        0.4464734020000001
      ],
      "exit_codes": [
        0,
        0,
        0,
        0,
        0,
        0,
        0,
        0,
        0,
        0,
        0,
        0,
        0,
        0,
        0
      ]
    }
  ]
}
