{
  "results": [
    {
      "command": "C:\\Users\\test\\Documents\\research\\research\\artifacts\\installed\\python\\python.exe C:\\Users\\test\\Documents\\research\\research\\artifacts\\system\\are-we-fast-yet\\benchmarks\\Python\\harness.py List 10 15",
      "mean": 0.28664992533333333,
      "stddev": 0.007942488044747209,
      "median": 0.287752192,
      "user": 0.26625000000000004,
      "system": 0.014416666666666668,
      "min": 0.275802692,
      "max": 0.305988492,
      "times": [
        0.275802692,
        0.29126469200000005,
        0.27805429200000004,
        0.278361892,
        0.305988492,
        0.290998892,
        0.28657939200000004,
        0.292792892,
        0.29160989200000004,
        0.289433292,
        0.28026089200000004,
        0.287752192,
        0.28383809200000004,
        0.277634892,
        0.28937639200000004
      ],
      "exit_codes": [
        0,
        0,
        0,
        0,
        0,
        0,
        0,
        0,
        0,
        0,
        0,
        0,
        0,
        0,
        0
      ]
    }
  ]
}
