{
  "results": [
    {
      "command": "C:\\Users\\test\\Documents\\research\\research\\artifacts\\installed\\python\\python.exe C:\\Users\\test\\Documents\\research\\research\\artifacts\\system\\are-we-fast-yet\\benchmarks\\Python\\harness.py Sieve 10 15",
      "mean": 0.20820700600000003,
      "stddev": 0.010101922246200757,
      "median": 0.20323116600000002,
      "user": 0.19437500000000002,
      "system": 0.012645833333333334,
      "min": 0.198952766,
      "max": 0.23219176600000002,
      "times": [
        0.209044366,
        0.198952766,
        0.19907116600000002,
        0.20135376600000002,
        0.201546166,
        0.21875496600000002,
        0.23219176600000002,
        0.220602866,
        0.20323116600000002,
        0.218515966,
        0.209265166,
        0.20075536600000002,
        0.19970806600000002,
        0.200177966,
        0.20993356600000002
      ],
      "exit_codes": [
        0,
        0,
        0,
        0,
        0,
        0,
        0,
        0,
        0,
        0,
        0,
        0,
        0,
        0,
        0
      ]
    }
  ]
}
