{
  "results": [
    {
      "command": "C:\\Users\\test\\Documents\\research\\research\\artifacts\\installed2\\python\\python.exe C:\\Users\\test\\Documents\\research\\research\\system\\are-we-fast-yet\\benchmarks\\Python\\harness.py Json 10 15",
      "mean": 4.8869344120000004,
      "stddev": 0.45577706665202505,
      "median": 4.906224562,
      "user": 4.809687500000001,
      "system": 0.045937500000000006,
      "min": 3.964889812,
      "max": 5.458261212,
      "times": [
        5.458261212,
        5.167907012000001,
        4.823544712,
        5.255082712,
        5.248720012000001,
        4.855059112,
        4.957390012,
        4.829816012,
        4.308673512,
        3.964889812
      ],
      "exit_codes": [
        0,
        0,
        0,
        0,
        0,
        0,
        0,
        0,
        0,
        0
      ]
    }
  ]
}
