{
  "results": [
    {
      "command": "C:\\Users\\test\\Documents\\research\\research\\artifacts\\installed\\python\\python.exe C:\\Users\\test\\Documents\\research\\research\\artifacts\\system\\are-we-fast-yet\\benchmarks\\Python\\harness.py List 10 15",
      "mean": 0.30118401533333333,
      "stddev": 0.0369204327594136,
      "median": 0.290747782,
      "user": 0.28572916666666665,
      "system": 0.015000000000000003,
      "min": 0.27514908200000004,
      "max": 0.411713582,
      "times": [
        0.284980082,
        0.27598248200000003,
        0.28037088200000004,
        0.29147868200000004,
        0.28357298200000003,
        0.27514908200000004,
        0.311117582,
        0.36021208200000004,
        0.290849582,
        0.411713582,
        0.290747782,
        0.298162882,
        0.288849682,
        0.27995198200000004,
        0.29462088200000003
      ],
      "exit_codes": [
        0,
        0,
        0,
        0,
        0,
        0,
        0,
        0,
        0,
        0,
        0,
        0,
        0,
        0,
        0
      ]
    }
  ]
}
