{
  "results": [
    {
      "command": "C:\\Users\\test\\Documents\\research\\research\\artifacts\\installed\\python\\python.exe C:\\Users\\test\\Documents\\research\\research\\artifacts\\system\\are-we-fast-yet\\benchmarks\\Python\\harness.py Queens 10 15",
      "mean": 0.285072056,
      "stddev": 0.013701201487888372,
      "median": 0.28183703600000004,
      "user": 0.266875,
      "system": 0.017958333333333333,
      "min": 0.263657436,
      "max": 0.31754283600000005,
      "times": [
        0.274946336,
        0.27019043600000003,
        0.280038636,
        0.28183703600000004,
        0.263657436,
        0.279488436,
        0.29129263600000005,
        0.30270283600000003,
        0.30258313600000003,
        0.285476736,
        0.31754283600000005,
        0.278830736,
        0.283847736,
        0.28004743600000004,
        0.283598436
      ],
      "exit_codes": [
        0,
        0,
        0,
        0,
        0,
        0,
        0,
        0,
        0,
        0,
        0,
        0,
        0,
        0,
        0
      ]
    }
  ]
}
