{
  "results": [
    {
      "command": "C:\\Users\\test\\Documents\\research\\research\\artifacts\\installed\\python\\python.exe C:\\Users\\test\\Documents\\research\\research\\artifacts\\system\\are-we-fast-yet\\benchmarks\\Python\\harness.py Towers 10 15",
      "mean": 0.6254588973333334,
      "stddev": 0.07074918695056166,
      "median": 0.6071693840000001,
      "user": 0.6151041666666666,
      "system": 0.010729166666666666,
      "min": 0.549033984,
      "max": 0.802407284,
      "times": [
        0.802407284,
        0.644394784,
        0.571058284,
        0.5592548840000001,
        0.6071693840000001,
        0.5802193840000001,
        0.549033984,
        0.5772544840000001,
        0.5958641840000001,
        0.620171584,
        0.7129328840000001,
        0.6142070840000001,
        0.6130947840000001,
        0.7313015840000001,
        0.6035188840000001
      ],
      "exit_codes": [
        0,
        0,
        0,
        0,
        0,
        0,
        0,
        0,
        0,
        0,
        0,
        0,
        0,
        0,
        0
      ]
    }
  ]
}
