{
  "results": [
    {
      "command": "C:\\Users\\test\\Documents\\research\\research\\artifacts\\installed\\python\\python.exe C:\\Users\\test\\Documents\\research\\research\\artifacts\\system\\are-we-fast-yet\\benchmarks\\Python\\harness.py Havlak 10 15",
      "mean": 64.11971679533333,
      "stddev": 10.923715419333726,
      "median": 61.438910882,
      "user": 62.14739583333335,
      "system": 1.8815624999999991,
      "min": 58.539648582,
      "max": 102.886488482,
      "times": [
        60.678738482,
        63.286257082,
        60.322572582,
        59.157072482,
        58.539648582,
        60.275708181999995,
        59.129213782,
        59.768843782,
        102.886488482,
        66.50152298200001,
        61.844256181999995,
        61.843766682,
        62.377357782,
        63.745393981999996,
        61.438910882
      ],
      "exit_codes": [
        0,
        0,
        0,
        0,
        0,
        0,
        0,
        0,
        0,
        0,
        0,
        0,
        0,
        0,
        0
      ]
    }
  ]
}
