{
  "results": [
    {
      "command": "C:\\Users\\test\\Documents\\research\\research\\artifacts\\installed2\\python\\python.exe C:\\Users\\test\\Documents\\research\\research\\system\\are-we-fast-yet\\benchmarks\\Python\\harness.py Json 10 15",
      "mean": 4.266606672,
      "stddev": 0.716287149644042,
      "median": 4.050199042,
      "user": 4.190625000000001,
      "system": 0.03328125,
      "min": 3.757812492,
      "max": 6.1339986920000005,
      "times": [
        3.811231092,
        3.982734492,
        3.7789665919999997,
        3.832891092,
        3.757812492,
        4.390944792,
        6.1339986920000005,
        4.117663592,
        4.612596692,
        4.247227192
      ],
      "exit_codes": [
        0,
        0,
        0,
        0,
        0,
        0,
        0,
        0,
        0,
        0
      ]
    }
  ]
}
