{
  "results": [
    {
      "command": "C:\\Users\\test\\Documents\\research\\research\\artifacts\\installed\\python\\python.exe C:\\Users\\test\\Documents\\research\\research\\artifacts\\system\\are-we-fast-yet\\benchmarks\\Python\\harness.py Json 10 15",
      "mean": 3.711793728666667,
      "stddev": 0.26112135631203265,
      "median": 3.771387282,
      "user": 3.6848958333333344,
      "system": 0.017208333333333332,
      "min": 3.2907678820000004,
      "max": 4.188673682,
      "times": [
        3.6680832820000004,
        3.458860382,
        3.422171982,
        3.8987958820000004,
        3.369480182,
        3.797058282,
        3.940026582,
        3.867207682,
        4.188673682,
        3.771387282,
        3.9285634820000004,
        3.9555266820000003,
        3.2907678820000004,
        3.494813982,
        3.6254886820000003
      ],
      "exit_codes": [
        0,
        0,
        0,
        0,
        0,
        0,
        0,
        0,
        0,
        0,
        0,
        0,
        0,
        0,
        0
      ]
    }
  ]
}
