{
  "results": [
    {
      "command": "C:\\Users\\test\\Documents\\research\\research\\artifacts\\installed\\python\\python.exe C:\\Users\\test\\Documents\\research\\research\\artifacts\\system\\are-we-fast-yet\\benchmarks\\Python\\harness.py List 10 15",
      "mean": 0.3470275153333333,
      "stddev": 0.04085910266159737,
      "median": 0.330961982,
      "user": 0.32489583333333344,
      "system": 0.013750000000000004,
      "min": 0.314176182,
      "max": 0.46197878200000003,
      "times": [
        0.314176182,
        0.333662382,
        0.335289982,
        0.330961982,
        0.324378182,
        0.327089382,
        0.316599682,
        0.315175282,
        0.41055198200000004,
        0.343139982,
        0.327134382,
        0.46197878200000003,
        0.33057158200000003,
        0.374799782,
        0.359903182
      ],
      "exit_codes": [
        0,
        0,
        0,
        0,
        0,
        0,
        0,
        0,
        0,
        0,
        0,
        0,
        0,
        0,
        0
      ]
    }
  ]
}
