{
  "results": [
    {
      "command": "C:\\Users\\test\\Documents\\research\\research\\artifacts\\installed\\python\\python.exe C:\\Users\\test\\Documents\\research\\research\\artifacts\\system\\are-we-fast-yet\\benchmarks\\Python\\harness.py Sieve 10 15",
      "mean": 0.36806169000000005,
      "stddev": 0.039767190951048366,
      "median": 0.35852339000000005,
      "user": 0.3201041666666667,
      "system": 0.023895833333333328,
      "min": 0.31802049000000004,
      "max": 0.46632699000000005,
      "times": [
        0.38611009,
        0.41830579000000007,
        0.35852339000000005,
        0.34523129,
        0.40892309000000004,
        0.46632699000000005,
        0.37171769000000005,
        0.31802049000000004,
        0.34317219000000004,
        0.35498719000000006,
        0.33443199,
        0.32549029,
        0.38473179,
        0.36545699000000004,
        0.33949609000000003
      ],
      "exit_codes": [
        0,
        0,
        0,
        0,
        0,
        0,
        0,
        0,
        0,
        0,
        0,
        0,
        0,
        0,
        0
      ]
    }
  ]
}
