{
  "results": [
    {
      "command": "C:\\Users\\test\\Documents\\research\\research\\artifacts\\installed\\python\\python.exe C:\\Users\\test\\Documents\\research\\research\\artifacts\\system\\are-we-fast-yet\\benchmarks\\Python\\harness.py Towers 10 15",
      "mean": 0.9346796846666667,
      "stddev": 0.012415529043895365,
      "median": 0.9348637380000001,
      "user": 0.9098958333333331,
      "system": 0.019666666666666666,
      "min": 0.9126559380000001,
      "max": 0.9560297380000001,
      "times": [
        0.9417887380000001,
        0.9272807380000001,
        0.9501415380000001,
        0.9560297380000001,
        0.9203393380000001,
        0.944181138,
        0.9211771380000001,
        0.9348637380000001,
        0.9477978380000001,
        0.9234220380000001,
        0.9345996380000001,
        0.9399950380000001,
        0.927413738,
        0.9126559380000001,
        0.9385089380000001
      ],
      "exit_codes": [
        0,
        0,
        0,
        0,
        0,
        0,
        0,
        0,
        0,
        0,
        0,
        0,
        0,
        0,
        0
      ]
    }
  ]
}
