{
  "results": [
    {
      "command": "C:\\Users\\test\\Documents\\research\\research\\artifacts\\installed\\python\\python.exe C:\\Users\\test\\Documents\\research\\research\\artifacts\\system\\are-we-fast-yet\\benchmarks\\Python\\harness.py Towers 10 15",
      "mean": 1.096208482666667,
      "stddev": 0.021786882925167447,
      "median": 1.091319876,
      "user": 1.0692708333333332,
      "system": 0.0173125,
      "min": 1.073870176,
      "max": 1.1527187760000002,
      "times": [
        1.1072519760000001,
        1.0751646760000002,
        1.079343876,
        1.073870176,
        1.1527187760000002,
        1.0809302760000001,
        1.0764233760000002,
        1.0881271760000002,
        1.077992976,
        1.098652576,
        1.091319876,
        1.120629276,
        1.0988389760000001,
        1.108190076,
        1.113673176
      ],
      "exit_codes": [
        0,
        0,
        0,
        0,
        0,
        0,
        0,
        0,
        0,
        0,
        0,
        0,
        0,
        0,
        0
      ]
    }
  ]
}
