{
  "results": [
    {
      "command": "C:\\Users\\test\\Documents\\research\\research\\artifacts\\installed\\python\\python.exe C:\\Users\\test\\Documents\\research\\research\\artifacts\\system\\are-we-fast-yet\\benchmarks\\Python\\harness.py Towers 10 15",
      "mean": 0.9874380113333335,
      "stddev": 0.06277283104402806,
      "median": 0.968908418,
      "user": 0.9684374999999997,
      "system": 0.020854166666666667,
      "min": 0.9462751180000001,
      "max": 1.191668718,
      "times": [
        1.006305518,
        0.9462751180000001,
        1.045257818,
        0.9523911180000001,
        0.9762276180000001,
        0.9960319180000001,
        0.968908418,
        0.9594887180000001,
        0.9920544179999999,
        0.9520800180000001,
        0.9562784180000001,
        0.9488494180000001,
        0.9484918180000002,
        1.191668718,
        0.9712611180000001
      ],
      "exit_codes": [
        0,
        0,
        0,
        0,
        0,
        0,
        0,
        0,
        0,
        0,
        0,
        0,
        0,
        0,
        0
      ]
    }
  ]
}
