{
  "results": [
    {
      "command": "C:\\Users\\test\\Documents\\research\\research\\artifacts\\installed\\python\\python.exe C:\\Users\\test\\Documents\\research\\research\\artifacts\\system\\are-we-fast-yet\\benchmarks\\Python\\harness.py DeltaBlue 10 15",
      "mean": 0.08086992600000001,
      "stddev": 0.005341170167428535,
      "median": 0.08101720600000001,
      "user": 0.04593750000000001,
      "system": 0.02760416666666666,
      "min": 0.07041230600000001,
      "max": 0.093084106,
      "times": [
        0.082678106,
        0.074694806,
        0.076680706,
        0.093084106,
        0.079881006,
        0.07041230600000001,
        0.08141400600000001,
        0.07611060600000001,
        0.08373000600000001,
        0.086046906,
        0.08512040600000001,
        0.08101720600000001,
        0.080173806,
        0.07952260600000001,
        0.082482306
      ],
      "exit_codes": [
        0,
        0,
        0,
        0,
        0,
        0,
        0,
        0,
        0,
        0,
        0,
        0,
        0,
        0,
        0
      ]
    }
  ]
}
