{
  "results": [
    {
      "command": "C:\\Users\\test\\Documents\\research\\research\\artifacts\\installed\\python\\python.exe C:\\Users\\test\\Documents\\research\\research\\artifacts\\system\\are-we-fast-yet\\benchmarks\\Python\\harness.py List 10 15",
      "mean": 0.3124006726666667,
      "stddev": 0.009654680274758434,
      "median": 0.314377946,
      "user": 0.2964583333333333,
      "system": 0.0183125,
      "min": 0.30057014600000004,
      "max": 0.32948484600000005,
      "times": [
        0.329476146,
        0.316132346,
        0.314470646,
        0.315844946,
        0.31033664600000005,
        0.301385946,
        0.30895974600000004,
        0.302086646,
        0.314377946,
        0.31909664600000004,
        0.300854946,
        0.30359524600000004,
        0.319337246,
        0.32948484600000005,
        0.30057014600000004
      ],
      "exit_codes": [
        0,
        0,
        0,
        0,
        0,
        0,
        0,
        0,
        0,
        0,
        0,
        0,
        0,
        0,
        0
      ]
    }
  ]
}
