{
  "results": [
    {
      "command": "C:\\Users\\test\\Documents\\research\\research\\artifacts\\installed\\python\\python.exe C:\\Users\\test\\Documents\\research\\research\\artifacts\\system\\are-we-fast-yet\\benchmarks\\Python\\harness.py Bounce 10 15",
      "mean": 0.5066074233333334,
      "stddev": 0.025002518869147852,
      "median": 0.50156715,
      "user": 0.47489583333333346,
      "system": 0.01395833333333333,
      "min": 0.48133965000000006,
      "max": 0.58905115,
      "times": [
        0.48133965000000006,
        0.52001025,
        0.51465795,
        0.51147285,
        0.58905115,
        0.50156715,
        0.4932689500000001,
        0.48728755000000007,
        0.49747955000000005,
        0.50107735,
        0.50350975,
        0.48955385,
        0.50573065,
        0.49990265000000006,
        0.50320205
      ],
      "exit_codes": [
        0,
        0,
        0,
        0,
        0,
        0,
        0,
        0,
        0,
        0,
        0,
        0,
        0,
        0,
        0
      ]
    }
  ]
}
