{
  "results": [
    {
      "command": "C:\\Users\\test\\Documents\\research\\research\\artifacts\\installed\\python\\python.exe C:\\Users\\test\\Documents\\research\\research\\artifacts\\system\\are-we-fast-yet\\benchmarks\\Python\\harness.py Towers 10 15",
      "mean": 0.9634632160000003,
      "stddev": 0.05555691210698142,
      "median": 0.944611316,
      "user": 0.9456249999999998,
      "system": 0.015374999999999996,
      "min": 0.9237586160000001,
      "max": 1.1374406160000001,
      "times": [
        0.947130416,
        0.955597416,
        0.930929416,
        0.933025516,
        0.932428816,
        0.9481868160000001,
        0.941443216,
        0.929847116,
        0.9961971159999999,
        1.027451016,
        0.944611316,
        1.1374406160000001,
        0.9670502160000001,
        0.9368506160000001,
        0.9237586160000001
      ],
      "exit_codes": [
        0,
        0,
        0,
        0,
        0,
        0,
        0,
        0,
        0,
        0,
        0,
        0,
        0,
        0,
        0
      ]
    }
  ]
}
