{
  "results": [
    {
      "command": "C:\\Users\\test\\Documents\\research\\research\\artifacts\\installed\\python\\python.exe C:\\Users\\test\\Documents\\research\\research\\artifacts\\system\\are-we-fast-yet\\benchmarks\\Python\\harness.py DeltaBlue 10 15",
      "mean": 0.06406165666666666,
      "stddev": 0.0021933832625377963,
      "median": 0.06458422999999999,
      "user": 0.03989583333333333,
      "system": 0.020208333333333335,
      "min": 0.060457130000000005,
      "max": 0.06811193,
      "times": [
        0.06543243,
        0.06648132999999999,
        0.06458422999999999,
        0.06502063,
        0.06499953,
        0.06811193,
        0.06649513,
        0.06492983,
        0.062124729999999996,
        0.061877629999999996,
        0.06414923,
        0.06255783,
        0.060457130000000005,
        0.06252793,
        0.06117533000000001
      ],
      "exit_codes": [
        0,
        0,
        0,
        0,
        0,
        0,
        0,
        0,
        0,
        0,
        0,
        0,
        0,
        0,
        0
      ]
    }
  ]
}
