{
  "results": [
    {
      "command": "C:\\Users\\test\\Documents\\research\\research\\artifacts\\installed\\python\\python.exe C:\\Users\\test\\Documents\\research\\research\\artifacts\\system\\are-we-fast-yet\\benchmarks\\Python\\harness.py Sieve 10 15",
      "mean": 0.2301563293333334,
      "stddev": 0.019127872403113973,
      "median": 0.22934321600000002,
      "user": 0.2138541666666666,
      "system": 0.013125,
      "min": 0.20954661600000002,
      "max": 0.271115616,
      "times": [
        0.254849516,
        0.21414211600000002,
        0.271115616,
        0.255142616,
        0.23050681600000003,
        0.210155416,
        0.20954661600000002,
        0.21112421600000003,
        0.24637871600000003,
        0.229868916,
        0.22934321600000002,
        0.220547916,
        0.22805481600000002,
        0.23152221600000003,
        0.210046216
      ],
      "exit_codes": [
        0,
        0,
        0,
        0,
        0,
        0,
        0,
        0,
        0,
        0,
        0,
        0,
        0,
        0,
        0
      ]
    }
  ]
}
