{
  "results": [
    {
      "command": "C:\\Users\\test\\Documents\\research\\research\\artifacts\\installed\\python\\python.exe C:\\Users\\test\\Documents\\research\\research\\artifacts\\system\\are-we-fast-yet\\benchmarks\\Python\\harness.py Storage 10 15",
      "mean": 0.5723623840000001,
      "stddev": 0.024762491620940377,
      "median": 0.5655544840000001,
      "user": 0.5554166666666667,
      "system": 0.008833333333333332,
      "min": 0.5513441840000001,
      "max": 0.657005284,
      "times": [
        0.580745484,
        0.560090084,
        0.5676217840000001,
        0.657005284,
        0.5625261840000001,
        0.5655544840000001,
        0.563049184,
        0.5736964840000001,
        0.5807715840000001,
        0.562545884,
        0.5661484840000001,
        0.5645094840000001,
        0.557006384,
        0.572820784,
        0.5513441840000001
      ],
      "exit_codes": [
        0,
        0,
        0,
        0,
        0,
        0,
        0,
        0,
        0,
        0,
        0,
        0,
        0,
        0,
        0
      ]
    }
  ]
}
