{
  "results": [
    {
      "command": "C:\\Users\\test\\Documents\\research\\research\\artifacts\\installed\\python\\python.exe C:\\Users\\test\\Documents\\research\\research\\artifacts\\system\\are-we-fast-yet\\benchmarks\\Python\\harness.py Sieve 10 15",
      "mean": 0.42185654533333333,
      "stddev": 0.043277110487674436,
      "median": 0.42072681200000006,
      "user": 0.3576041666666666,
      "system": 0.022937499999999996,
      "min": 0.35988031200000004,
      "max": 0.515558712,
      "times": [
        0.393162512,
        0.45230991200000004,
        0.44811871200000003,
        0.42356421200000005,
        0.37787421200000004,
        0.441410112,
        0.515558712,
        0.39646051200000004,
        0.46484321200000006,
        0.40898371200000005,
        0.35988031200000004,
        0.46901781200000003,
        0.38514991200000004,
        0.37078751200000004,
        0.42072681200000006
      ],
      "exit_codes": [
        0,
        0,
        0,
        0,
        0,
        0,
        0,
        0,
        0,
        0,
        0,
        0,
        0,
        0,
        0
      ]
    }
  ]
}
