{
  "results": [
    {
      "command": "C:\\Users\\test\\Documents\\research\\research\\artifacts\\installed\\python\\python.exe C:\\Users\\test\\Documents\\research\\research\\artifacts\\system\\are-we-fast-yet\\benchmarks\\Python\\harness.py Bounce 10 15",
      "mean": 0.39248855000000005,
      "stddev": 0.011473800444067596,
      "median": 0.39336273000000005,
      "user": 0.3696875000000001,
      "system": 0.012916666666666668,
      "min": 0.3774317300000001,
      "max": 0.40855513000000004,
      "times": [
        0.39787553000000003,
        0.38533943000000004,
        0.3774317300000001,
        0.3982766300000001,
        0.40601523000000006,
        0.4063981300000001,
        0.40637583000000005,
        0.38181793,
        0.40855513000000004,
        0.39881823000000005,
        0.38784093000000003,
        0.37747153000000006,
        0.37950963000000004,
        0.38223963000000005,
        0.39336273000000005
      ],
      "exit_codes": [
        0,
        0,
        0,
        0,
        0,
        0,
        0,
        0,
        0,
        0,
        0,
        0,
        0,
        0,
        0
      ]
    }
  ]
}
