{
  "results": [
    {
      "command": "C:\\Users\\test\\Documents\\research\\research\\artifacts\\installed\\python\\python.exe C:\\Users\\test\\Documents\\research\\research\\artifacts\\system\\are-we-fast-yet\\benchmarks\\Python\\harness.py Towers 10 15",
      "mean": 0.9496754413333334,
      "stddev": 0.07208374224359632,
      "median": 0.923754128,
      "user": 0.9284375000000004,
      "system": 0.017583333333333333,
      "min": 0.909045528,
      "max": 1.157896428,
      "times": [
        0.912460128,
        0.909045528,
        0.923754128,
        1.0883661279999999,
        0.919750328,
        0.925447728,
        0.920162928,
        0.941309528,
        0.926281228,
        0.9189360280000001,
        0.9191406280000001,
        0.9328329280000001,
        0.918385128,
        1.157896428,
        0.931362828
      ],
      "exit_codes": [
        0,
        0,
        0,
        0,
        0,
        0,
        0,
        0,
        0,
        0,
        0,
        0,
        0,
        0,
        0
      ]
    }
  ]
}
