{
  "results": [
    {
      "command": "C:\\Users\\test\\Documents\\research\\research\\artifacts\\installed\\python\\python.exe C:\\Users\\test\\Documents\\research\\research\\artifacts\\system\\are-we-fast-yet\\benchmarks\\Python\\harness.py DeltaBlue 10 15",
      "mean": 0.06450678066666665,
      "stddev": 0.002981307938919872,
      "median": 0.06296611399999999,
      "user": 0.0340625,
      "system": 0.020958333333333336,
      "min": 0.061417714000000005,
      "max": 0.07026611399999999,
      "times": [
        0.068301114,
        0.06595261399999999,
        0.065883314,
        0.062945214,
        0.06275481399999999,
        0.07026611399999999,
        0.066215314,
        0.06208141400000001,
        0.062087814,
        0.063472314,
        0.069562814,
        0.06296611399999999,
        0.061417714000000005,
        0.061727414,
        0.061967614
      ],
      "exit_codes": [
        0,
        0,
        0,
        0,
        0,
        0,
        0,
        0,
        0,
        0,
        0,
        0,
        0,
        0,
        0
      ]
    }
  ]
}
