{
  "results": [
    {
      "command": "C:\\Users\\test\\Documents\\research\\research\\artifacts\\installed\\python\\python.exe C:\\Users\\test\\Documents\\research\\research\\artifacts\\system\\are-we-fast-yet\\benchmarks\\Python\\harness.py Storage 10 15",
      "mean": 0.5433106266666667,
      "stddev": 0.0049434557270722785,
      "median": 0.5432282800000001,
      "user": 0.526666666666667,
      "system": 0.015208333333333334,
      "min": 0.5354714800000001,
      "max": 0.5513198800000001,
      "times": [
        0.5381976800000001,
        0.5513198800000001,
        0.5450922800000001,
        0.5509764800000001,
        0.5369042800000001,
        0.5381780800000001,
        0.54035858,
        0.54794518,
        0.5427918800000001,
        0.5487421800000001,
        0.54266928,
        0.5438494800000001,
        0.54393438,
        0.5354714800000001,
        0.5432282800000001
      ],
      "exit_codes": [
        0,
        0,
        0,
        0,
        0,
        0,
        0,
        0,
        0,
        0,
        0,
        0,
        0,
        0,
        0
      ]
    }
  ]
}
