{
  "results": [
    {
      "command": "C:\\Users\\test\\Documents\\research\\research\\artifacts\\installed2\\python\\python.exe C:\\Users\\test\\Documents\\research\\research\\system\\are-we-fast-yet\\benchmarks\\Python\\harness.py DeltaBlue 10 15",
      "mean": 0.066069264,
      "stddev": 0.0038118606475782343,
      "median": 0.06456147400000001,
      "user": 0.04875,
      "system": 0.021062500000000005,
      "min": 0.063259774,
      "max": 0.07520447400000001,
      "times": [
        0.063647074,
        0.063820074,
        0.065227774,
        0.07520447400000001,
        0.066121374,
        0.070133274,
        0.063895174,
        0.063259774,
        0.06351857400000001,
        0.065865074
      ],
      "exit_codes": [
        0,
        0,
        0,
        0,
        0,
        0,
        0,
        0,
        0,
        0
      ]
    }
  ]
}
