{
  "results": [
    {
      "command": "C:\\Users\\test\\Documents\\research\\research\\artifacts\\installed\\python\\python.exe C:\\Users\\test\\Documents\\research\\research\\artifacts\\system\\are-we-fast-yet\\benchmarks\\Python\\harness.py DeltaBlue 10 15",
      "mean": 0.05812835133333334,
      "stddev": 0.0013815544691535297,
      "median": 0.05777963800000001,
      "user": 0.038125,
      "system": 0.020208333333333335,
      "min": 0.056845638000000004,
      "max": 0.062421538,
      "times": [
        0.062421538,
        0.05840843800000001,
        0.057362338,
        0.056845638000000004,
        0.058646138,
        0.058483638000000004,
        0.05777963800000001,
        0.05801993800000001,
        0.057652438,
        0.05694483800000001,
        0.057478338000000004,
        0.057818138000000005,
        0.05949823800000001,
        0.057292138000000006,
        0.05727383800000001
      ],
      "exit_codes": [
        0,
        0,
        0,
        0,
        0,
        0,
        0,
        0,
        0,
        0,
        0,
        0,
        0,
        0,
        0
      ]
    }
  ]
}
