{
  "results": [
    {
      "command": "C:\\Users\\test\\Documents\\research\\research\\artifacts\\installed\\python\\python.exe C:\\Users\\test\\Documents\\research\\research\\artifacts\\system\\are-we-fast-yet\\benchmarks\\Python\\harness.py List 10 15",
      "mean": 0.3387564333333334,
      "stddev": 0.034746465928010305,
      "median": 0.32994476,
      "user": 0.3079166666666666,
      "system": 0.02510416666666666,
      "min": 0.31434616000000004,
      "max": 0.44910836000000004,
      "times": [
        0.33782056000000005,
        0.31739766,
        0.34583836,
        0.32271216,
        0.33051946000000004,
        0.32396526000000003,
        0.44910836000000004,
        0.32751446,
        0.32994476,
        0.31434616000000004,
        0.38194356,
        0.33327356,
        0.31573676,
        0.33279316000000003,
        0.31843226
      ],
      "exit_codes": [
        0,
        0,
        0,
        0,
        0,
        0,
        0,
        0,
        0,
        0,
        0,
        0,
        0,
        0,
        0
      ]
    }
  ]
}
