{
  "results": [
    {
      "command": "C:\\Users\\test\\Documents\\research\\research\\artifacts\\installed\\python\\python.exe C:\\Users\\test\\Documents\\research\\research\\artifacts\\system\\are-we-fast-yet\\benchmarks\\Python\\harness.py Bounce 10 15",
      "mean": 0.39351371666666674,
      "stddev": 0.024357178273439136,
      "median": 0.38743683000000007,
      "user": 0.37239583333333326,
      "system": 0.01554166666666667,
      "min": 0.37373553000000004,
      "max": 0.47544293000000004,
      "times": [
        0.37373553000000004,
        0.38472343000000003,
        0.38918113000000004,
        0.47544293000000004,
        0.40121483,
        0.39192163,
        0.39961653,
        0.39728483000000003,
        0.37421173,
        0.38629793000000007,
        0.39885713000000006,
        0.38743683000000007,
        0.37676633000000004,
        0.38388423000000005,
        0.38213073000000003
      ],
      "exit_codes": [
        0,
        0,
        0,
        0,
        0,
        0,
        0,
        0,
        0,
        0,
        0,
        0,
        0,
        0,
        0
      ]
    }
  ]
}
