{
  "results": [
    {
      "command": "C:\\Users\\test\\Documents\\research\\research\\artifacts\\installed\\python\\python.exe C:\\Users\\test\\Documents\\research\\research\\artifacts\\system\\are-we-fast-yet\\benchmarks\\Python\\harness.py Bounce 10 15",
      "mean": 0.25077872733333334,
      "stddev": 0.009320462857365179,
      "median": 0.24625357400000003,
      "user": 0.22843749999999993,
      "system": 0.016583333333333332,
      "min": 0.243602074,
      "max": 0.274296674,
      "times": [
        0.261496074,
        0.274296674,
        0.265736974,
        0.24461077400000003,
        0.24774167400000002,
        0.243777574,
        0.244659874,
        0.24529577400000002,
        0.25395627400000004,
        0.243870674,
        0.24625357400000003,
        0.252114174,
        0.243602074,
        0.246003474,
        0.24826527400000004
      ],
      "exit_codes": [
        0,
        0,
        0,
        0,
        0,
        0,
        0,
        0,
        0,
        0,
        0,
        0,
        0,
        0,
        0
      ]
    }
  ]
}
