{
  "results": [
    {
      "command": "C:\\Users\\test\\Documents\\research\\research\\artifacts\\installed\\python\\python.exe C:\\Users\\test\\Documents\\research\\research\\artifacts\\system\\are-we-fast-yet\\benchmarks\\Python\\harness.py Queens 10 15",
      "mean": 0.3833525693333334,
      "stddev": 0.007503774058019704,
      "median": 0.382096536,
      "user": 0.3593750000000001,
      "system": 0.02041666666666667,
      "min": 0.37313903600000004,
      "max": 0.402472736,
      "times": [
        0.394840636,
        0.389152336,
        0.379142936,
        0.385046336,
        0.378347736,
        0.379337936,
        0.380068536,
        0.38311353600000003,
        0.377276636,
        0.37313903600000004,
        0.383162236,
        0.402472736,
        0.382096536,
        0.385736436,
        0.37735493600000003
      ],
      "exit_codes": [
        0,
        0,
        0,
        0,
        0,
        0,
        0,
        0,
        0,
        0,
        0,
        0,
        0,
        0,
        0
      ]
    }
  ]
}
