{
  "results": [
    {
      "command": "C:\\Users\\test\\Documents\\research\\research\\artifacts\\installed\\python\\python.exe C:\\Users\\test\\Documents\\research\\research\\artifacts\\system\\are-we-fast-yet\\benchmarks\\Python\\harness.py Json 10 15",
      "mean": 3.3288798660000007,
      "stddev": 0.19113516876171252,
      "median": 3.2629634060000003,
      "user": 3.3053125000000003,
      "system": 0.018125000000000002,
      "min": 3.151201206,
      "max": 3.8410080060000005,
      "times": [
        3.5225478060000004,
        3.2629634060000003,
        3.283938306,
        3.181113106,
        3.2145373060000004,
        3.5851954060000004,
        3.222318806,
        3.264056606,
        3.2201183060000003,
        3.3022942060000005,
        3.210912006,
        3.210925206,
        3.151201206,
        3.8410080060000005,
        3.460068306
      ],
      "exit_codes": [
        0,
        0,
        0,
        0,
        0,
        0,
        0,
        0,
        0,
        0,
        0,
        0,
        0,
        0,
        0
      ]
    }
  ]
}
