{
  "results": [
    {
      "command": "C:\\Users\\test\\Documents\\research\\research\\artifacts\\installed\\python\\python.exe C:\\Users\\test\\Documents\\research\\research\\artifacts\\system\\are-we-fast-yet\\benchmarks\\Python\\harness.py Towers 10 15",
      "mean": 1.003910342,
      "stddev": 0.06514377720808033,
      "median": 0.9725312220000001,
      "user": 0.9780208333333335,
      "system": 0.015416666666666664,
      "min": 0.9622477220000001,
      "max": 1.1921525220000002,
      "times": [
        0.964381322,
        0.969574122,
        0.9622477220000001,
        0.970359822,
        0.9634070220000001,
        0.983523922,
        0.9669918220000001,
        0.980124922,
        1.1921525220000002,
        1.0999457220000002,
        0.9950818220000001,
        1.0150976219999999,
        0.9725312220000001,
        0.967687622,
        1.0555479220000001
      ],
      "exit_codes": [
        0,
        0,
        0,
        0,
        0,
        0,
        0,
        0,
        0,
        0,
        0,
        0,
        0,
        0,
        0
      ]
    }
  ]
}
