{
  "results": [
    {
      "command": "C:\\Users\\test\\Documents\\research\\research\\artifacts\\installed\\python\\python.exe C:\\Users\\test\\Documents\\research\\research\\artifacts\\system\\are-we-fast-yet\\benchmarks\\Python\\harness.py Storage 10 15",
      "mean": 0.5562314479999999,
      "stddev": 0.037427334008903176,
      "median": 0.544014488,
      "user": 0.5283333333333333,
      "system": 0.015208333333333332,
      "min": 0.5343865879999999,
      "max": 0.679821688,
      "times": [
        0.5452895879999999,
        0.544014488,
        0.679821688,
        0.577005388,
        0.537151588,
        0.5444500879999999,
        0.542536188,
        0.5343865879999999,
        0.5380731879999999,
        0.540473688,
        0.542089388,
        0.5489263879999999,
        0.534489388,
        0.545983288,
        0.588780788
      ],
      "exit_codes": [
        0,
        0,
        0,
        0,
        0,
        0,
        0,
        0,
        0,
        0,
        0,
        0,
        0,
        0,
        0
      ]
    }
  ]
}
