{
  "results": [
    {
      "command": "C:\\Users\\test\\Documents\\research\\research\\artifacts\\installed\\python\\python.exe C:\\Users\\test\\Documents\\research\\research\\artifacts\\system\\are-we-fast-yet\\benchmarks\\Python\\harness.py Permute 10 15",
      "mean": 0.723658872,
      "stddev": 0.03319680905230842,
      "median": 0.7130801120000001,
      "user": 0.7022916666666668,
      "system": 0.015770833333333335,
      "min": 0.6958225120000001,
      "max": 0.810246212,
      "times": [
        0.7213296120000001,
        0.7103735120000001,
        0.7162625120000001,
        0.7006976120000001,
        0.7089626120000001,
        0.7164987120000001,
        0.7130801120000001,
        0.699136212,
        0.7092182120000001,
        0.6958225120000001,
        0.787374112,
        0.810246212,
        0.7200673120000001,
        0.7466724120000001,
        0.6991414120000001
      ],
      "exit_codes": [
        0,
        0,
        0,
        0,
        0,
        0,
        0,
        0,
        0,
        0,
        0,
        0,
        0,
        0,
        0
      ]
    }
  ]
}
