{
  "results": [
    {
      "command": "C:\\Users\\test\\Documents\\research\\research\\artifacts\\installed\\python\\python.exe C:\\Users\\test\\Documents\\research\\research\\artifacts\\system\\are-we-fast-yet\\benchmarks\\Python\\harness.py DeltaBlue 10 15",
      "mean": 0.067797894,
      "stddev": 0.004817205410045479,
      "median": 0.067996234,
      "user": 0.048854166666666664,
      "system": 0.015895833333333335,
      "min": 0.06335513400000001,
      "max": 0.082608834,
      "times": [
        0.067799834,
        0.06460373400000001,
        0.069313734,
        0.063580934,
        0.063473634,
        0.06335513400000001,
        0.064684134,
        0.067996234,
        0.06845213400000001,
        0.06419053400000001,
        0.082608834,
        0.069156434,
        0.071154434,
        0.06827393400000001,
        0.06832473400000001
      ],
      "exit_codes": [
        0,
        0,
        0,
        0,
        0,
        0,
        0,
        0,
        0,
        0,
        0,
        0,
        0,
        0,
        0
      ]
    }
  ]
}
