{
  "results": [
    {
      "command": "C:\\Users\\test\\Documents\\research\\research\\artifacts\\installed\\python\\python.exe C:\\Users\\test\\Documents\\research\\research\\artifacts\\system\\are-we-fast-yet\\benchmarks\\Python\\harness.py Sieve 10 15",
      "mean": 0.2859821793333334,
      "stddev": 0.02916263248977233,
      "median": 0.29169570600000005,
      "user": 0.2710416666666667,
      "system": 0.017333333333333336,
      "min": 0.212823706,
      "max": 0.34639290600000006,
      "times": [
        0.280903206,
        0.293926206,
        0.301672906,
        0.27650460600000004,
        0.29169570600000005,
        0.30278220600000005,
        0.212823706,
        0.29581920600000006,
        0.260575606,
        0.30259920600000006,
        0.29955580600000004,
        0.34639290600000006,
        0.27920600600000006,
        0.255900006,
        0.28937540600000006
      ],
      "exit_codes": [
        0,
        0,
        0,
        0,
        0,
        0,
        0,
        0,
        0,
        0,
        0,
        0,
        0,
        0,
        0
      ]
    }
  ]
}
