{
  "results": [
    {
      "command": "C:\\Users\\test\\Documents\\research\\research\\artifacts\\installed\\python\\python.exe C:\\Users\\test\\Documents\\research\\research\\artifacts\\system\\are-we-fast-yet\\benchmarks\\Python\\harness.py Storage 10 15",
      "mean": 0.551351774,
      "stddev": 0.01388330415114294,
      "median": 0.550734154,
      "user": 0.529375,
      "system": 0.017541666666666667,
      "min": 0.535755054,
      "max": 0.583033954,
      "times": [
        0.5364387540000001,
        0.547095054,
        0.535755054,
        0.5656052540000001,
        0.5410816540000001,
        0.535874354,
        0.5537395540000001,
        0.5383227540000001,
        0.552545254,
        0.550734154,
        0.5665841540000001,
        0.5593400540000001,
        0.583033954,
        0.5423522540000001,
        0.5617743540000001
      ],
      "exit_codes": [
        0,
        0,
        0,
        0,
        0,
        0,
        0,
        0,
        0,
        0,
        0,
        0,
        0,
        0,
        0
      ]
    }
  ]
}
