{
  "results": [
    {
      "command": "C:\\Users\\test\\Documents\\research\\research\\artifacts\\installed\\python\\python.exe C:\\Users\\test\\Documents\\research\\research\\artifacts\\system\\are-we-fast-yet\\benchmarks\\Python\\harness.py Bounce 10 15",
      "mean": 0.26892886,
      "stddev": 0.009547012638980702,
      "median": 0.26877758,
      "user": 0.25031249999999994,
      "system": 0.013958333333333333,
      "min": 0.25787978,
      "max": 0.29585658000000004,
      "times": [
        0.26742528,
        0.27519208,
        0.27079348000000003,
        0.26004638,
        0.25883198,
        0.25787978,
        0.26787658000000003,
        0.27803468000000003,
        0.26952238,
        0.26104928,
        0.26877758,
        0.29585658000000004,
        0.27027658,
        0.27063948,
        0.26173078
      ],
      "exit_codes": [
        0,
        0,
        0,
        0,
        0,
        0,
        0,
        0,
        0,
        0,
        0,
        0,
        0,
        0,
        0
      ]
    }
  ]
}
