{
  "results": [
    {
      "command": "C:\\Users\\test\\Documents\\research\\research\\artifacts\\installed\\python\\python.exe C:\\Users\\test\\Documents\\research\\research\\artifacts\\system\\are-we-fast-yet\\benchmarks\\Python\\harness.py Permute 10 15",
      "mean": 0.8656545213333333,
      "stddev": 0.02725207137525688,
      "median": 0.857951828,
      "user": 0.8420833333333334,
      "system": 0.018375,
      "min": 0.842317328,
      "max": 0.9415924280000001,
      "times": [
        0.858699628,
        0.8541586280000001,
        0.853288228,
        0.9415924280000001,
        0.850447928,
        0.873860328,
        0.857951828,
        0.8612308280000001,
        0.8430637280000001,
        0.850853128,
        0.842317328,
        0.8645611280000001,
        0.915528628,
        0.853216328,
        0.8640477280000001
      ],
      "exit_codes": [
        0,
        0,
        0,
        0,
        0,
        0,
        0,
        0,
        0,
        0,
        0,
        0,
        0,
        0,
        0
      ]
    }
  ]
}
