{
  "results": [
    {
      "command": "C:\\Users\\test\\Documents\\research\\research\\artifacts\\installed\\python\\python.exe C:\\Users\\test\\Documents\\research\\research\\artifacts\\system\\are-we-fast-yet\\benchmarks\\Python\\harness.py Permute 10 15",
      "mean": 1.0577184333333334,
      "stddev": 0.04362323521305502,
      "median": 1.04992266,
      "user": 1.0086458333333337,
      "system": 0.029270833333333333,
      "min": 1.00282936,
      "max": 1.1819595600000001,
      "times": [
        1.07756976,
        1.04992266,
        1.0263309600000001,
        1.05328456,
        1.11620856,
        1.07495136,
        1.1819595600000001,
        1.06183686,
        1.0282933600000002,
        1.0293475600000002,
        1.04034666,
        1.03212996,
        1.03960336,
        1.00282936,
        1.0511619600000002
      ],
      "exit_codes": [
        0,
        0,
        0,
        0,
        0,
        0,
        0,
        0,
        0,
        0,
        0,
        0,
        0,
        0,
        0
      ]
    }
  ]
}
