{
  "results": [
    {
      "command": "C:\\Users\\test\\Documents\\research\\research\\artifacts\\installed\\python\\python.exe C:\\Users\\test\\Documents\\research\\research\\artifacts\\system\\are-we-fast-yet\\benchmarks\\Python\\harness.py Bounce 10 15",
      "mean": 0.41354749466666657,
      "stddev": 0.008061573460955443,
      "median": 0.414338388,
      "user": 0.3890624999999999,
      "system": 0.023,
      "min": 0.400769088,
      "max": 0.42758668800000005,
      "times": [
        0.412193988,
        0.415877688,
        0.406363588,
        0.41456158800000004,
        0.425074188,
        0.41026608800000003,
        0.42149988800000004,
        0.40332998800000003,
        0.42758668800000005,
        0.420361588,
        0.418500988,
        0.400769088,
        0.406136488,
        0.414338388,
        0.406352188
      ],
      "exit_codes": [
        0,
        0,
        0,
        0,
        0,
        0,
        0,
        0,
        0,
        0,
        0,
        0,
        0,
        0,
        0
      ]
    }
  ]
}
