{
  "results": [
    {
      "command": "C:\\Users\\test\\Documents\\research\\research\\artifacts\\installed\\python\\python.exe C:\\Users\\test\\Documents\\research\\research\\artifacts\\system\\are-we-fast-yet\\benchmarks\\Python\\harness.py Queens 10 15",
      "mean": 0.45218699266666673,
      "stddev": 0.015239609717296708,
      "median": 0.449222606,
      "user": 0.4344791666666667,
      "system": 0.0141875,
      "min": 0.43748190600000003,
      "max": 0.49590970600000006,
      "times": [
        0.45858190600000004,
        0.47483640600000004,
        0.49590970600000006,
        0.43748190600000003,
        0.444778706,
        0.44986790600000004,
        0.44230450600000004,
        0.441701306,
        0.445239706,
        0.442252706,
        0.450270406,
        0.449222606,
        0.45114960600000004,
        0.441606206,
        0.45760130600000004
      ],
      "exit_codes": [
        0,
        0,
        0,
        0,
        0,
        0,
        0,
        0,
        0,
        0,
        0,
        0,
        0,
        0,
        0
      ]
    }
  ]
}
